High_regress,Low_regress,Open_regress,Close_regress
58.173744201660156,56.98282241821289,57.78086471557617,57.697235107421875
54.680824279785156,53.53500747680664,54.07701110839844,54.01593017578125
50.03584289550781,48.66502380371094,49.25459289550781,49.43816375732422
60.37883758544922,59.15220642089844,59.97602081298828,59.893943786621094
60.420501708984375,59.139007568359375,59.99247741699219,59.89701843261719
57.9989013671875,56.71958541870117,57.531036376953125,57.25611877441406
58.262351989746094,57.021514892578125,57.85786056518555,57.56877136230469
60.68274688720703,59.3835334777832,60.258094787597656,59.96928405761719
61.38078308105469,59.896507263183594,60.86198043823242,60.720855712890625
61.575294494628906,60.1322135925293,61.07609176635742,60.94607925415039
61.75983428955078,60.43330764770508,61.325679779052734,61.035682678222656
58.25225830078125,56.95863342285156,57.77093505859375,57.49907684326172
61.64122772216797,60.37909698486328,61.225772857666016,61.14085388183594
61.4029541015625,59.990909576416016,60.91756820678711,60.79442596435547
60.52843475341797,59.05170440673828,60.010581970214844,59.867305755615234
62.64033508300781,61.255393981933594,62.179752349853516,61.90839767456055
61.70729064941406,60.301666259765625,61.22577667236328,61.105655670166016
60.71559143066406,59.24684524536133,60.20198059082031,60.06156921386719
61.61863708496094,60.37294387817383,61.2107048034668,61.1297492980957
58.99561309814453,57.43853759765625,58.43610382080078,58.265724182128906
61.64454650878906,60.07178497314453,61.08566665649414,60.923885345458984
61.98450469970703,60.49315643310547,61.464229583740234,61.32419967651367
58.96356964111328,57.66836166381836,58.50499725341797,58.21791458129883
60.43354034423828,59.140411376953125,60.01099395751953,59.722232818603516
61.167999267578125,59.801639556884766,60.703006744384766,60.59006881713867
61.43766784667969,60.063575744628906,60.969913482666016,60.856327056884766
62.051055908203125,60.75376892089844,61.62058639526367,61.528900146484375
62.261322021484375,60.84638977050781,61.777156829833984,61.657344818115234
62.614036560058594,61.20222473144531,62.132362365722656,62.014984130859375
63.9937744140625,62.60786819458008,63.538818359375,63.24368667602539
63.38928985595703,62.01002502441406,62.92494583129883,62.81927490234375
59.78557586669922,58.4488410949707,59.29156494140625,59.00887680053711
64.21357727050781,62.636802673339844,63.66124725341797,63.46183776855469
63.72834777832031,62.10605239868164,63.152793884277344,62.98857116699219
65.77294921875,64.19186401367188,65.22250366210938,65.07810974121094
58.110939025878906,56.564170837402344,57.32663345336914,57.29408264160156
65.22093200683594,63.780494689941406,64.7337875366211,64.6216049194336
64.34456634521484,62.94419479370117,63.8842887878418,63.583316802978516
64.72490692138672,63.22867202758789,64.21052551269531,64.08219146728516
64.19984436035156,62.74609375,63.70351791381836,63.58323287963867
61.53050231933594,60.16270446777344,61.04905700683594,60.74858474731445
61.13990020751953,59.781673431396484,60.677154541015625,60.37688064575195
59.136329650878906,57.858516693115234,58.70960235595703,58.4150276184082
63.793251037597656,62.40606689453125,63.326454162597656,63.220726013183594
62.093536376953125,60.57989501953125,61.563297271728516,61.41825866699219
61.265419006347656,59.682395935058594,60.70067596435547,60.534568786621094
63.469757080078125,62.093406677246094,63.0179328918457,62.71971893310547
62.33873748779297,60.787757873535156,61.79198455810547,61.63886642456055
64.67268371582031,63.26783752441406,64.21105194091797,63.91347885131836
58.65849304199219,57.3267822265625,58.131656646728516,57.87491989135742
62.90784454345703,61.54615020751953,62.461143493652344,62.16394805908203
57.17948913574219,55.780277252197266,56.53852844238281,56.39592361450195
61.60216522216797,60.270137786865234,61.16560363769531,60.866477966308594
53.23393249511719,51.78897476196289,52.06395721435547,52.761837005615234
61.20587921142578,59.891029357910156,60.77566146850586,60.48396301269531
62.4385986328125,61.09290313720703,61.9976692199707,61.70501708984375
63.172767639160156,61.5348014831543,62.58832550048828,62.4176025390625
56.26106262207031,54.71354293823242,55.42674255371094,55.48198318481445
62.91497802734375,61.636077880859375,62.495567321777344,62.412498474121094
59.59478759765625,58.049800872802734,59.04766082763672,59.11996841430664
59.59478759765625,58.049800872802734,59.04766082763672,59.11996841430664
59.59478759765625,58.049800872802734,59.04766082763672,59.11996841430664
59.59478759765625,58.049800872802734,59.04766082763672,59.11996841430664
55.1168212890625,53.922447204589844,54.678993225097656,54.421791076660156
54.69097137451172,53.50165939331055,54.24573516845703,53.9962158203125
59.88966369628906,58.43751907348633,59.381263732910156,59.241065979003906
54.24873352050781,53.06550979614258,53.79712677001953,53.55501174926758
59.59478759765625,58.049800872802734,59.04766082763672,59.11996841430664
55.01268768310547,53.80839920043945,54.43983459472656,54.43241500854492
55.14013671875,53.92915725708008,54.55816650390625,54.579837799072266
49.332054138183594,47.942298889160156,48.374168395996094,48.95650863647461
58.175209045410156,56.86997604370117,57.738895416259766,57.462135314941406
58.61292266845703,57.36492919921875,58.20602798461914,57.91825866699219
55.00675964355469,53.83332824707031,54.35581588745117,54.298213958740234
52.06696319580078,50.55475616455078,51.01679611206055,51.60820007324219
50.681884765625,49.34292984008789,49.94764709472656,50.01551818847656
58.74999237060547,57.306854248046875,58.24236297607422,58.099029541015625
59.482322692871094,58.216617584228516,59.06948471069336,58.78500747680664
59.59355163574219,58.28509521484375,59.15061950683594,59.04458999633789
58.58186340332031,57.4031867980957,58.19584655761719,58.11717224121094
51.31206512451172,49.83416748046875,50.27790451049805,50.87727737426758
50.740692138671875,49.49531173706055,50.115020751953125,50.05181121826172
55.52532196044922,54.31890869140625,55.083229064941406,54.82352066040039
53.309486389160156,52.175506591796875,52.90176010131836,52.65086364746094
57.46636962890625,56.20857620239258,57.04050827026367,56.93699645996094
55.793922424316406,54.57200622558594,55.33704376220703,55.08080291748047
59.246368408203125,57.93645095825195,58.80173110961914,58.693702697753906
54.89733123779297,53.49864196777344,54.20232391357422,54.13936233520508
57.812965393066406,56.58515548706055,57.4130859375,57.126102447509766
59.59478759765625,58.049800872802734,59.04766082763672,59.11996841430664
49.038543701171875,47.72588348388672,48.07034683227539,48.68922805786133
55.488685607910156,54.24954605102539,54.993526458740234,54.75687026977539
55.611854553222656,54.3737907409668,55.12285232543945,54.882259368896484
55.15727996826172,53.97819137573242,54.745079040527344,54.476505279541016
53.685020446777344,52.53250503540039,53.26156997680664,53.013404846191406
55.02479553222656,53.84905242919922,54.37208938598633,54.314090728759766
50.43829345703125,49.22158432006836,49.83853530883789,49.75757598876953
53.645545959472656,52.41682434082031,53.11534118652344,52.9307975769043
54.47270965576172,53.27591323852539,54.00774002075195,53.768959045410156
54.99707794189453,53.83760070800781,54.609153747558594,54.33578872680664
53.66127014160156,52.476158142089844,53.185218811035156,52.96083450317383
52.895286560058594,51.595821380615234,52.263912200927734,52.17514419555664
57.25904846191406,55.964698791503906,56.81569290161133,56.70215606689453
59.59478759765625,58.049800872802734,59.04766082763672,59.11996841430664
59.59478759765625,58.049800872802734,59.04766082763672,59.11996841430664
59.59478759765625,58.049800872802734,59.04766082763672,59.11996841430664
48.836761474609375,47.56110382080078,48.12968063354492,48.213321685791016
50.52250671386719,49.416053771972656,50.045799255371094,49.8684196472168
57.24440002441406,56.04179382324219,56.85383987426758,56.57805633544922
51.52379608154297,50.00589370727539,50.60689926147461,51.02115249633789
53.58960723876953,52.459468841552734,53.198081970214844,52.93729782104492
57.373695373535156,56.21519470214844,56.993404388427734,56.914031982421875
52.86268615722656,51.596290588378906,52.269805908203125,52.1488037109375
52.684959411621094,51.56788635253906,52.2813720703125,52.03532028198242
54.47377014160156,53.26891326904297,53.99610137939453,53.762733459472656
59.07042694091797,57.657066345214844,58.579139709472656,58.385475158691406
57.18998718261719,55.72730255126953,56.668697357177734,56.5131721496582
58.90428161621094,57.65200424194336,58.49605178833008,58.21100616455078
60.32109069824219,59.09141159057617,59.91669845581055,59.833595275878906
53.86640167236328,52.32166290283203,52.98429870605469,53.22184371948242
59.57074737548828,58.36296463012695,59.174232482910156,59.093017578125
56.814361572265625,55.61062240600586,56.42093276977539,56.1359748840332
54.320823669433594,52.926151275634766,53.61488723754883,53.5693359375
56.50843811035156,55.0912971496582,55.804744720458984,55.916358947753906
50.08966064453125,48.64781951904297,49.143653869628906,49.69451904296875
51.98875427246094,50.66386795043945,51.30239486694336,51.27311706542969
55.27642822265625,53.80519485473633,54.505348205566406,54.501651763916016
61.26976013183594,59.867759704589844,60.78861999511719,60.66733169555664
59.17457580566406,57.90723419189453,58.760684967041016,58.46729278564453
63.30828857421875,61.905723571777344,62.832950592041016,62.721126556396484
62.671669006347656,61.32120895385742,62.2184944152832,62.11656951904297
62.804534912109375,61.448482513427734,62.34917068481445,62.246490478515625
60.84242248535156,59.30744171142578,60.298606872558594,60.14239501953125
62.19232177734375,60.850223541259766,61.75251388549805,61.457523345947266
58.995513916015625,57.67414474487305,58.497222900390625,58.2247314453125
62.98332214355469,61.689395904541016,62.55717849731445,62.4707145690918
57.748741149902344,56.43917465209961,57.22400665283203,56.97602081298828
63.720733642578125,62.34149169921875,63.268089294433594,62.972999572753906
61.54999542236328,60.186397552490234,61.07548904418945,60.77351379394531
63.594329833984375,62.2082633972168,63.12745666503906,63.02106857299805
60.252403259277344,58.905372619628906,59.759002685546875,59.47110366821289
57.736839294433594,56.47874069213867,57.292816162109375,57.01141357421875
63.488311767578125,62.20261001586914,63.067466735839844,62.985416412353516
64.38753509521484,62.948299407958984,63.898468017578125,63.782657623291016
64.38147735595703,63.04928970336914,63.94182205200195,63.852474212646484
65.74861145019531,64.40567779541016,65.30806732177734,65.22249603271484
65.77269744873047,64.17755126953125,65.21575164794922,65.06788635253906
64.22815704345703,62.79309844970703,63.7361946105957,63.41898727416992
67.52523040771484,65.99899291992188,67.00531768798828,66.88275146484375
68.48206329345703,66.68333435058594,67.83917999267578,67.65367889404297
68.1646957397461,66.59434509277344,67.6263198852539,67.495849609375
68.83660125732422,67.11152648925781,68.2287826538086,68.06318664550781
67.57579803466797,65.91555786132812,66.9941635131836,66.83866882324219
69.87879180908203,68.34305572509766,69.36149597167969,69.24766540527344
69.25445556640625,67.65585327148438,68.70626831054688,68.57394409179688
60.201568603515625,58.35091018676758,59.133544921875,59.497642517089844
59.625648498535156,58.26415252685547,59.086708068847656,58.82489776611328
70.20320129394531,68.73800659179688,69.71943664550781,69.62460327148438
65.79631042480469,64.31767272949219,65.29153442382812,64.96591186523438
55.80315399169922,54.53789520263672,55.081634521484375,55.02455520629883
57.1007080078125,55.63250732421875,56.381500244140625,56.307708740234375
69.4249496459961,67.88357543945312,68.90370178222656,68.78633880615234
66.51593780517578,65.00335693359375,65.98436737060547,65.65901947021484
70.15058135986328,68.5887222290039,69.63339233398438,69.31204223632812
71.32587432861328,69.69630432128906,70.7695541381836,70.63932800292969
61.19104766845703,59.3047981262207,60.10674285888672,60.46574020385742
61.34996795654297,59.52501678466797,60.33314895629883,60.55466842651367
54.65924835205078,53.509063720703125,54.0734977722168,53.99832534790039
55.33368682861328,54.11058807373047,54.74112319946289,54.805633544921875
56.08656311035156,54.806278228759766,55.515846252441406,55.55837631225586
64.6826400756836,63.245521545410156,64.20280456542969,63.88003158569336
71.02327728271484,69.3905029296875,70.47272491455078,70.18255615234375
59.191383361816406,57.357177734375,58.04848098754883,58.50632095336914
61.95800018310547,60.559200286865234,61.444400787353516,61.14729309082031
70.49253845214844,68.92277526855469,69.9726333618164,69.65166473388672
70.86294555664062,69.3437728881836,70.3562240600586,70.25112915039062
64.30524444580078,62.826202392578125,63.749755859375,63.44541549682617
66.77113342285156,64.9823989868164,66.12777709960938,65.93669128417969
69.77611541748047,68.05174255371094,69.1714096069336,69.01040649414062
61.556365966796875,60.036155700683594,60.87677764892578,60.702423095703125
62.020599365234375,60.63664245605469,61.531333923339844,61.22898864746094
69.19505310058594,67.66438293457031,68.68907165527344,68.3756103515625
65.56938934326172,63.80250930786133,64.93254852294922,64.7412109375
61.808990478515625,60.38777542114258,61.254615783691406,60.976253509521484
63.802947998046875,62.34625244140625,63.264320373535156,62.95928955078125
64.92375946044922,63.492191314697266,64.4517822265625,64.13398742675781
68.71156311035156,67.1893310546875,68.20832061767578,67.89163208007812
62.84192657470703,61.38358688354492,62.2530517578125,61.98382568359375
70.616455078125,69.17619323730469,70.14543914794922,70.0587158203125
70.25520324707031,68.46324920654297,69.61919403076172,69.4251708984375
71.17304229736328,69.58876037597656,70.64822387695312,70.32919311523438
70.55603790283203,68.98877716064453,70.02619934082031,69.90776062011719
71.24207305908203,69.75789642333984,70.75263977050781,70.65798950195312
70.60318756103516,68.93551635742188,70.0271224975586,69.88404846191406
71.56343078613281,70.00839233398438,71.04222869873047,70.93156433105469
70.43875122070312,68.76716613769531,69.86039733886719,69.715576171875
61.602081298828125,59.82960510253906,60.64533615112305,60.740360260009766
58.23426818847656,56.69752502441406,57.30989456176758,57.27677917480469
57.43876647949219,55.83020782470703,56.56552505493164,56.652793884277344
62.02055358886719,60.20182800292969,61.024444580078125,61.18062210083008
60.589637756347656,59.202274322509766,60.044673919677734,59.77521514892578
71.74147033691406,70.25807189941406,71.2538833618164,71.16178131103516
57.40704345703125,55.70047378540039,56.15935134887695,56.768062591552734
67.31902313232422,65.81864929199219,66.82269287109375,66.49435424804688
71.77154541015625,70.14373779296875,71.21736145019531,71.08966064453125
73.54166412353516,71.84333801269531,72.96867370605469,72.66816711425781
63.57811737060547,61.69157028198242,62.543155670166016,62.71701431274414
64.84449768066406,63.36812973022461,64.3112564086914,63.997894287109375
73.614013671875,71.87490844726562,73.013916015625,72.86735534667969
74.66266632080078,72.84976196289062,74.03160858154297,73.87171936035156
75.415771484375,73.86068725585938,74.90599822998047,74.8134765625
75.66995239257812,74.11906433105469,75.16287994384766,75.07258605957031
75.0490493774414,73.19009399414062,74.39788055419922,74.22842407226562
74.0539321899414,72.25962829589844,73.42965698242188,73.27149963378906
74.63196563720703,73.07403564453125,74.1185531616211,74.02162170410156
74.36080169677734,72.74836730957031,73.82141876220703,73.70973205566406
64.40816497802734,62.65317153930664,63.53041076660156,63.48491287231445
73.18782806396484,71.54043579101562,72.64043426513672,72.30738830566406
73.99609375,72.44924926757812,73.48590850830078,73.38873291015625
71.55744934082031,69.95059967041016,71.02412414550781,70.69210052490234
74.39163970947266,72.82042694091797,73.87138366699219,73.77003479003906
74.87312316894531,73.220458984375,74.31668853759766,74.19744873046875
73.75482940673828,71.97305297851562,73.13544464111328,72.97898864746094
74.8556137084961,73.17967224121094,74.28837585449219,74.16329956054688
75.87261962890625,74.27754211425781,75.34574127197266,75.24546813964844
75.10199737548828,73.50799560546875,74.57332611083984,74.46968078613281
75.77400970458984,73.80815124511719,75.07563018798828,74.88311767578125
67.72664642333984,66.13114166259766,67.09783935546875,66.79380798339844
76.18748474121094,74.62908935546875,75.67848205566406,75.58877563476562
65.66092681884766,64.06329345703125,64.98511505126953,64.74639892578125
74.46276092529297,72.59151458740234,73.8041763305664,73.62890625
74.53559112548828,72.68820190429688,73.88822937011719,73.71920776367188
72.38751220703125,70.78766632080078,71.84806823730469,71.73019409179688
73.65918731689453,72.14987182617188,73.16533660888672,73.07585144042969
55.364349365234375,54.13627243041992,54.775238037109375,54.84444046020508
54.67101287841797,53.523983001708984,54.074398040771484,54.007694244384766
54.663719177246094,53.502498626708984,54.089603424072266,54.00893020629883
67.98401641845703,66.46444702148438,67.48088836669922,67.14952087402344
72.21488189697266,70.70579528808594,71.71683502197266,71.62060546875
71.4010238647461,69.80162811279297,70.87047576904297,70.54203796386719
64.54669952392578,63.00688934326172,63.90879821777344,63.654563903808594
73.76155853271484,72.18399047851562,73.23648834228516,73.13059997558594
73.65092468261719,72.13519287109375,73.15408325195312,73.06297302246094
74.18355560302734,72.51547241210938,73.62920379638672,73.29953002929688
74.23983764648438,72.60197448730469,73.68834686279297,73.56979370117188
75.16079711914062,73.45120239257812,74.57891845703125,74.44696044921875
75.25862121582031,73.38371276855469,74.6007080078125,74.42828369140625
72.76011657714844,70.83588409423828,72.0719985961914,71.87559509277344
75.3329086303711,73.63008117675781,74.76618194580078,74.42976379394531
73.2701644897461,71.35272216796875,72.58670043945312,72.39437866210938
75.79093170166016,74.12564086914062,75.23138427734375,75.11335754394531
67.10122680664062,65.49288177490234,66.43872833251953,66.16929626464844
76.21624755859375,74.48776245117188,75.64041900634766,75.29983520507812
80.02861785888672,78.38540649414062,79.49186706542969,79.39926147460938
79.88276672363281,78.24308776855469,79.34721374511719,79.25479125976562
68.02915954589844,66.2435302734375,67.1965103149414,67.05812072753906
72.83519744873047,71.1745834350586,72.28206634521484,71.92770385742188
79.77568817138672,77.885498046875,79.12413787841797,78.96920776367188
79.97000885009766,78.21408081054688,79.38103485107422,79.26025390625
78.710205078125,76.79867553710938,78.04563903808594,77.88041687011719
77.92709350585938,76.03904724121094,77.27104949951172,77.10794067382812
79.8633804321289,78.05900573730469,79.25172424316406,79.11845397949219
80.40040588378906,78.73805236816406,79.85592651367188,79.76033020019531
81.080322265625,79.17593383789062,80.42610931396484,80.27381896972656
81.17195892333984,79.47554016113281,80.61404418945312,80.51365661621094
82.27828979492188,80.27923583984375,81.58391571044922,81.41383361816406
83.29476165771484,81.52894592285156,82.71111297607422,82.60354614257812
83.14128112792969,81.33511352539062,82.53854370117188,82.42027282714844
83.4588394165039,81.71311950683594,82.88495635986328,82.78314208984375
82.8651351928711,80.86546325683594,82.17222595214844,82.0047607421875
84.43959045410156,82.33840942382812,83.70448303222656,83.51931762695312
82.72860717773438,80.64047241210938,81.99444580078125,81.804443359375
83.50186920166016,81.38192749023438,82.75531768798828,82.56108093261719
89.41388702392578,87.44908142089844,88.75653839111328,88.62857055664062
84.803955078125,82.60736083984375,84.02587890625,83.81880187988281
73.78419494628906,71.59963989257812,72.63469696044922,72.68455505371094
86.69033813476562,84.666748046875,86.01033020019531,85.62930297851562
85.9468994140625,83.80856323242188,85.19912719726562,85.01185607910156
87.56354522705078,85.68667602539062,86.9413070678711,86.82635498046875
87.75833129882812,85.92236328125,87.15555572509766,87.05166625976562
81.78546142578125,79.84909057617188,81.12983703613281,80.72247314453125
89.02635192871094,87.08515930175781,88.3787612915039,88.25479125976562
88.6455078125,86.60829162597656,87.95244598388672,87.80291748046875
84.92150115966797,82.93745422363281,84.25497436523438,83.87068176269531
89.65568542480469,87.76554870605469,89.0335464477539,88.92518615722656
90.37493896484375,88.50672912597656,89.76505279541016,89.66551208496094
87.85774993896484,85.6787109375,87.09686279296875,86.90852355957031
90.45425415039062,88.27812194824219,89.70242309570312,89.52702331542969
90.86549377441406,88.61209106445312,90.07920837402344,89.88662719726562
86.51949310302734,84.20960998535156,85.69420623779297,85.46717834472656
87.59026336669922,85.29588317871094,86.77531433105469,86.55717468261719
89.81926727294922,87.44467163085938,88.97391510009766,88.74641418457031
90.31698608398438,88.03477478027344,89.5157699584961,89.3134765625
87.95513153076172,85.82463073730469,87.2169418334961,87.04107666015625
76.4703369140625,74.50686645507812,75.62477111816406,75.37191772460938
87.58322143554688,85.53178405761719,86.89325714111328,86.50613403320312
91.8541259765625,89.699462890625,91.12850189208984,90.74165344238281
87.91674041748047,85.60235595703125,87.0935287475586,86.87196350097656
92.00061798095703,90.09574890136719,91.37864685058594,91.27767944335938
91.14897155761719,89.1435546875,90.47804260253906,90.34817504882812
88.6576156616211,86.3883056640625,87.85741424560547,87.6505126953125
88.58964538574219,86.51112365722656,87.89017486572266,87.50041198730469
90.01554870605469,87.90901184082031,89.2945556640625,89.13432312011719
91.08898162841797,89.20382690429688,90.47339630126953,90.37301635742188
92.05599975585938,90.11848449707031,91.41911315917969,91.31033325195312
88.5889663696289,86.26126098632812,87.76160430908203,87.53990173339844
91.4199447631836,89.48020935058594,90.78014373779297,90.66781616210938
88.51699829101562,86.25250244140625,87.71861267089844,87.51222229003906
89.48686218261719,87.24853515625,88.70343780517578,88.50810241699219
78.40018463134766,76.50233459472656,77.64498901367188,77.29580688476562
59.59478759765625,58.049800872802734,59.04766082763672,59.11996841430664
61.77711486816406,59.94125747680664,60.58123779296875,60.65815353393555
82.93827819824219,80.99526977539062,82.28555297851562,81.89437866210938
89.02359008789062,86.93374633789062,88.3201675415039,87.92961120605469
87.3043441772461,85.18212890625,86.58049774169922,86.18525695800781
91.04251861572266,88.8023681640625,90.26287078857422,90.07440185546875
91.97077941894531,89.98939514160156,91.31338500976562,91.19334411621094
86.01602172851562,83.99452209472656,85.3359603881836,84.94094848632812
93.01553344726562,90.82905578613281,92.27871704101562,91.88827514648438
87.77967071533203,85.37030029296875,86.91219329833984,86.66647338867188
92.50979614257812,90.37663269042969,91.78392028808594,91.62884521484375
87.84066009521484,85.52647399902344,87.02014923095703,86.71763610839844
93.7497787475586,91.79296875,93.10902404785156,93.00343322753906
92.64265441894531,90.47933959960938,91.90325927734375,91.74134826660156
93.10399627685547,91.0157470703125,92.40062713623047,92.25947570800781
92.63579559326172,90.45500183105469,91.90074920654297,91.50685119628906
91.21156311035156,88.87861633300781,90.38957977294922,90.178955078125
88.5264892578125,86.202880859375,87.70426177978516,87.39376831054688
93.54474639892578,91.0487060546875,92.65438842773438,92.41438293457031
94.76266479492188,92.52778625488281,94.00880432128906,93.61241149902344
94.82601165771484,92.64944458007812,94.08698272705078,93.93208312988281
93.8537368774414,91.56315612792969,93.05916595458984,92.87147521972656
95.39387512207031,92.95297241210938,94.53447723388672,94.31683349609375
95.3726577758789,93.35171508789062,94.70711517333984,94.59330749511719
96.38030242919922,94.3760986328125,95.72547912597656,95.62055969238281
95.90335083007812,93.71022033691406,95.15988159179688,95.00595092773438
80.66033935546875,78.19969177246094,79.35476684570312,79.4375
94.99130249023438,92.73031616210938,94.2273178100586,93.81077575683594
94.65825653076172,92.40528869628906,93.89702606201172,93.48042297363281
99.52253723144531,97.45529174804688,98.84794616699219,98.74223327636719
98.35009002685547,96.06007385253906,97.56915283203125,97.40277099609375
99.07862854003906,96.91473388671875,98.35808563232422,98.22636413574219
96.64028930664062,94.09426879882812,95.73605346679688,95.49826049804688
100.0932846069336,97.77322387695312,99.30364990234375,99.13804626464844
100.30365753173828,97.93241882324219,99.49102783203125,99.31375122070312
100.25203704833984,97.98709106445312,99.48832702636719,99.33711242675781
97.75233459472656,95.19842529296875,96.84777069091797,96.61326599121094
102.12981414794922,99.81460571289062,101.34848022460938,101.19367980957031
102.82905578613281,100.68341064453125,102.12810516357422,102.0185546875
97.24871826171875,94.80490112304688,96.40467071533203,95.9918212890625
102.56120300292969,100.1065673828125,101.72974395751953,101.30320739746094
102.5068130493164,100.31051635742188,101.78150939941406,101.65791320800781
99.40489959716797,96.8277587890625,98.49452209472656,98.26203918457031
93.0049819946289,90.72695922851562,92.21286010742188,91.75419616699219
89.94963073730469,87.73443603515625,89.09638214111328,88.68876647949219
59.59478759765625,58.049800872802734,59.04766082763672,59.11996841430664
55.85291290283203,54.58207321166992,55.127113342285156,55.070072174072266
105.18502807617188,102.65025329589844,104.32499694824219,103.88221740722656
109.04209899902344,106.62570190429688,108.2345962524414,108.08731079101562
112.40110778808594,109.86581420898438,111.54869079589844,111.38780212402344
107.6002426147461,104.73072814941406,106.5792236328125,106.31300354003906
111.46946716308594,108.68295288085938,110.49827575683594,110.27081298828125
112.79145812988281,109.89691162109375,111.77880096435547,111.4083251953125
100.69815826416016,98.21244812011719,99.85185241699219,99.35061645507812
111.06609344482422,108.36947631835938,110.14909362792969,109.68739318847656
114.9690933227539,112.43101501464844,114.1230239868164,113.97354125976562
114.8045654296875,112.172607421875,113.91465759277344,113.74118041992188
114.58155822753906,111.96434020996094,113.69779205322266,113.52690124511719
116.18685913085938,113.02911376953125,115.05828094482422,114.76116943359375
116.71304321289062,114.18733215332031,115.87786865234375,115.73966979980469
103.64778900146484,101.07186889648438,102.76036834716797,102.24798583984375
117.75934600830078,114.85389709472656,116.76342010498047,116.31111145019531
117.37001037597656,114.79949951171875,116.51609802246094,116.36990356445312
117.22853088378906,114.73078918457031,116.40780639648438,116.27896118164062
118.08844757080078,115.40933227539062,117.1865234375,117.01683044433594
120.88021850585938,117.77876281738281,119.79158020019531,119.530517578125
121.03434753417969,118.25379943847656,120.09435272216797,119.91343688964844
121.66129302978516,119.11004638671875,120.82904052734375,120.70782470703125
121.94908905029297,119.32069396972656,121.08206176757812,120.943115234375
117.78401184082031,114.64767456054688,116.6700668334961,116.38577270507812
123.73667907714844,121.11146545410156,122.8764419555664,122.7467041015625
123.49169158935547,120.14326477050781,122.29678344726562,121.98689270019531
124.64598846435547,122.02032470703125,123.78824615478516,123.66268920898438
124.02481079101562,121.32069396972656,123.12899780273438,122.98109436035156
124.26113891601562,121.52206420898438,123.34988403320312,123.19444274902344
125.13517761230469,122.44692993164062,124.24999237060547,124.11123657226562
111.97044372558594,109.16386413574219,111.01071166992188,110.46273803710938
123.30097961425781,120.26921081542969,122.26609802246094,121.76649475097656
126.083740234375,123.43556213378906,125.21987915039062,125.09552001953125
124.84844207763672,121.9056396484375,123.84486389160156,123.64176940917969
127.1076889038086,124.43473815917969,126.23542785644531,126.10975646972656
124.38150024414062,121.38612365722656,123.35224914550781,123.13394165039062
127.24873352050781,124.4029541015625,126.29708862304688,126.12931823730469
130.29071044921875,127.43141174316406,129.34185791015625,129.18507385253906
124.66014099121094,121.29368591308594,123.46037292480469,123.15153503417969
130.80859375,127.66322326660156,129.7292022705078,129.50404357910156
131.3717803955078,128.57916259765625,130.45693969726562,130.32174682617188
126.7685775756836,123.39128112792969,125.57007598876953,125.26847839355469
134.86636352539062,132.0266876220703,133.94020080566406,133.809814453125
134.42298889160156,131.3955535888672,133.40879821777344,133.22984313964844
134.42129516601562,131.0024871826172,133.2263946533203,132.95057678222656
139.19325256347656,136.075439453125,138.15150451660156,137.97267150878906
138.77098083496094,135.74017333984375,137.76817321777344,137.60887145996094
138.83592224121094,135.4706268310547,137.67884826660156,137.43707275390625
133.3018798828125,129.6662139892578,132.0034942626953,131.6687469482422
139.76617431640625,136.81617736816406,138.80361938476562,138.6690216064453
139.5545654296875,136.51815795898438,138.55149841308594,138.39450073242188
138.84593200683594,135.56268310546875,137.72677612304688,137.50535583496094
140.31625366210938,137.29644775390625,139.32310485839844,139.17381286621094
139.3765869140625,136.39532470703125,138.3984375,138.2542724609375
127.98055267333984,124.72589111328125,126.86275482177734,126.25587463378906
142.82057189941406,139.2602081298828,141.60003662109375,141.04600524902344
140.97088623046875,137.93023681640625,139.9700469970703,139.81869506835938
142.3754425048828,139.34341430664062,141.3827667236328,141.24017333984375
136.62261962890625,133.0077362060547,135.3437042236328,135.02972412109375
141.18568420410156,138.0039825439453,140.120361328125,139.9351043701172
140.73944091796875,137.3660888671875,139.58428955078125,139.34950256347656
142.537353515625,139.28158569335938,141.44186401367188,141.24462890625
121.29381561279297,118.22123718261719,120.1932373046875,119.61964416503906
56.264320373535156,54.98587417602539,55.69880676269531,55.723365783691406
81.12049865722656,78.79618835449219,79.9664306640625,79.40972900390625
137.96046447753906,134.5112762451172,136.77801513671875,136.21749877929688
143.11253356933594,140.05343627929688,142.10955810546875,141.96371459960938
142.81399536132812,139.72032165527344,141.79415893554688,141.6383514404297
143.9973602294922,140.4340057373047,142.76417541503906,142.49769592285156
145.05239868164062,141.8575439453125,143.99249267578125,143.8221893310547
146.80873107910156,143.7086639404297,145.7978057861328,145.65924072265625
147.89968872070312,144.77391052246094,146.88015747070312,146.74037170410156
147.39547729492188,144.27362060546875,146.37625122070312,146.23504638671875
136.25352478027344,132.7857666015625,135.06141662597656,134.4421844482422
147.74737548828125,144.0497283935547,146.47845458984375,145.90689086914062
146.6905975341797,143.3988494873047,145.59083557128906,145.40426635742188
146.9082794189453,143.65481567382812,145.82684326171875,145.65078735351562
143.9306182861328,140.16334533691406,142.6030731201172,142.2858123779297
148.0854034423828,144.2029266357422,146.71702575683594,146.3908233642578
149.77650451660156,146.54180908203125,148.71224975585938,148.55435180664062
150.01271057128906,146.82476806640625,148.9707489013672,148.82553100585938
146.8216094970703,143.1233673095703,145.5345458984375,145.24798583984375
151.88294982910156,148.66676330566406,150.83349609375,150.6901092529297
150.88720703125,147.3970947265625,149.70831298828125,149.492431640625
149.62876892089844,146.16043090820312,148.45619201660156,148.23976135253906
151.4833221435547,148.27838134765625,150.43788146972656,150.29537963867188
149.32968139648438,145.92698669433594,148.1865234375,147.9849395751953
145.68727111816406,142.03460693359375,144.41786193847656,144.1372528076172
145.43873596191406,141.82803344726562,144.18795776367188,143.91656494140625
150.48606872558594,146.7146759033203,149.19126892089844,148.6124725341797
139.90618896484375,136.1288604736328,138.56202697753906,138.22332763671875
146.72598266601562,143.480224609375,145.64755249023438,145.47254943847656
139.29141235351562,135.61746215820312,138.00621032714844,137.44747924804688
143.76333618164062,140.15325927734375,142.52420043945312,141.94383239746094
151.0341796875,147.6057891845703,149.8842315673828,149.68431091308594
149.91600036621094,146.37098693847656,148.70887756347656,148.47483825683594
148.32232666015625,144.76963806152344,147.10691833496094,146.8634796142578
147.84619140625,144.40345764160156,146.6801300048828,146.46165466308594
152.0880126953125,148.8708038330078,151.0386962890625,150.89602661132812
150.3478546142578,147.10009765625,149.27926635742188,149.12083435058594
149.85574340820312,146.66098022460938,148.81016540527344,148.6625213623047
151.62872314453125,148.4207763671875,150.58233642578125,150.4397735595703
150.88772583007812,147.61447143554688,149.8089599609375,149.64675903320312
151.3432159423828,148.07972717285156,150.27032470703125,150.1126708984375
152.6035919189453,149.0159149169922,151.384765625,151.15280151367188
153.0460968017578,149.56967163085938,151.8799591064453,151.67762756347656
153.07164001464844,149.31768798828125,151.7774200439453,151.5065155029297
154.09732055664062,150.8297576904297,153.03074645996094,152.8850555419922
153.70346069335938,150.38685607910156,152.61306762695312,152.45339965820312
153.9735565185547,150.7144012451172,152.91049194335938,152.7663116455078
153.2773895263672,149.7464141845703,152.08676147460938,151.87200927734375
153.8397979736328,150.57192993164062,152.77230834960938,152.62533569335938
151.9298858642578,148.5355682373047,150.79833984375,150.61105346679688
151.4325714111328,148.1480712890625,150.35025024414062,150.1878204345703
151.7628936767578,148.4440155029297,150.6656951904297,150.4962921142578
146.35781860351562,142.5789031982422,145.0321044921875,144.72340393066406
149.7207794189453,145.9363555908203,148.40252685546875,148.10830688476562
150.62765502929688,147.42172241210938,149.57920837402344,149.43243408203125
142.03196716308594,138.2435302734375,140.68899536132812,140.35755920410156
146.88926696777344,143.46226501464844,145.72763061523438,145.50852966308594
149.1092987060547,145.37510681152344,147.82754516601562,147.25253295898438
147.06100463867188,142.9669189453125,145.5918426513672,145.2084503173828
124.40245056152344,121.23370361328125,123.21833038330078,122.65403747558594
142.09068298339844,138.52767944335938,140.8681640625,140.29421997070312
143.38552856445312,139.70387268066406,142.09588623046875,141.79725646972656
148.69151306152344,145.54640197753906,147.66539001464844,147.52455139160156
145.80697631835938,142.21897888183594,144.5677947998047,144.30374145507812
143.80857849121094,139.91290283203125,142.42137145996094,142.07176208496094
147.92376708984375,144.60877990722656,146.8169403076172,146.6304168701172
125.73580932617188,122.53538513183594,124.56659698486328,123.98414611816406
122.63142395019531,119.51171875,121.46456146240234,120.908203125
125.64317321777344,122.4635009765625,124.55227661132812,123.96337890625
146.45018005371094,142.57135009765625,145.07861328125,144.74560546875
135.80380249023438,132.34039306640625,134.61285400390625,133.98719787597656
146.55982971191406,143.36090087890625,145.50253295898438,145.3383331298828
142.542724609375,138.97137451171875,141.3174285888672,140.7460479736328
138.12579345703125,134.39602661132812,136.79830932617188,136.46298217773438
145.78456115722656,142.6857452392578,144.77117919921875,144.62811279296875
143.2689666748047,139.37245178222656,141.87977600097656,141.5274200439453
139.93475341796875,136.52955627441406,138.76251220703125,138.5160369873047
123.7664794921875,120.62753295898438,122.65304565429688,122.06346130371094
121.75723266601562,118.69340515136719,120.70753479003906,120.13987731933594
137.8595733642578,134.1510009765625,136.5410919189453,136.20974731445312
143.19923400878906,139.7401885986328,142.0118408203125,141.76742553710938
143.1347198486328,139.89649963378906,142.04910278320312,141.85902404785156
142.64361572265625,139.05780029296875,141.39602661132812,141.11761474609375
139.40704345703125,135.90676879882812,138.1893310546875,137.91685485839844
136.5640869140625,132.98202514648438,135.30015563964844,134.99403381347656
142.61619567871094,139.040771484375,141.37332153320312,141.0973663330078
140.2126007080078,136.66351318359375,138.97474670410156,138.6939697265625
143.59132385253906,140.20816040039062,142.4401397705078,142.21633911132812
137.0396270751953,133.274169921875,135.6924285888672,135.34315490722656
143.54551696777344,140.42515563964844,142.51553344726562,142.3565673828125
142.77200317382812,139.5056915283203,141.6723175048828,141.4735870361328
98.95828247070312,95.67597961425781,96.76759338378906,97.13462829589844
117.9601058959961,114.98094177246094,116.93940734863281,116.36276245117188
141.97398376464844,138.2528076171875,140.6619110107422,140.3468475341797
135.49380493164062,131.5862579345703,134.07640075683594,133.68467712402344
148.37579345703125,144.98443603515625,147.23504638671875,147.03176879882812
145.93203735351562,142.276123046875,144.67739868164062,144.1036376953125
147.6828155517578,144.5337677001953,146.6519012451172,146.5053253173828
145.5133514404297,142.05165100097656,144.33160400390625,144.09742736816406
147.1968536376953,144.0210418701172,146.15211486816406,145.9966278076172
146.60250854492188,143.42323303222656,145.55441284179688,145.395263671875
148.2508544921875,145.11370849609375,147.22711181640625,147.08616638183594
148.0796661376953,144.847900390625,147.01173400878906,146.8465576171875
140.11581420898438,136.184326171875,138.70108032226562,138.32522583007812
147.7753143310547,144.03094482421875,146.4697723388672,146.17628479003906
149.06324768066406,145.88868713378906,148.02464294433594,147.87826538085938
147.503662109375,143.984375,146.30125427246094,146.0622100830078
148.93748474121094,145.2735595703125,147.67254638671875,147.40444946289062
148.1295623779297,144.67868041992188,146.96058654785156,146.74142456054688
148.9245147705078,145.65423583984375,147.84129333496094,147.6705780029297
150.74806213378906,147.47048950195312,149.66690063476562,149.50294494628906
127.4299545288086,124.17906188964844,126.22554016113281,125.64363098144531
146.5184326171875,142.83216857910156,145.25245666503906,144.66287231445312
151.2325439453125,147.160888671875,149.78614807128906,149.42796325683594
146.56710815429688,142.77064514160156,145.23391723632812,144.92184448242188
149.24853515625,145.6266326904297,148.00392150878906,147.74769592285156
151.76197814941406,147.56680297851562,150.26011657714844,149.8738555908203
151.88233947753906,148.47564697265625,150.74493408203125,150.55438232421875
154.1415557861328,150.82864379882812,153.05416870117188,152.8974609375
153.78732299804688,150.28793334960938,152.61279296875,152.40826416015625
155.45433044433594,151.9175262451172,154.2674560546875,154.0615234375
155.0865478515625,151.73101806640625,153.9822998046875,153.8195037841797
156.00628662109375,152.59664916992188,154.87979125976562,154.7079315185547
155.245849609375,151.567626953125,153.99305725097656,153.7511444091797
156.93785095214844,153.59080505371094,155.843017578125,155.6910400390625
157.0066680908203,153.44290161132812,155.81198120117188,155.606689453125
159.3909149169922,156.00376892089844,158.2848663330078,158.134521484375
154.9517822265625,151.09559631347656,153.61593627929688,153.32861328125
149.28672790527344,145.00413513183594,147.73715209960938,147.31759643554688
159.40626525878906,155.52037048339844,158.0699462890625,157.79623413085938
161.3798828125,157.89845275878906,160.23619079589844,160.0718994140625
160.99642944335938,156.98165893554688,159.60533142089844,159.30723571777344
155.3917694091797,151.26341247558594,153.93154907226562,153.5789337158203
162.9917449951172,159.49403381347656,161.8453369140625,161.68460083007812
162.35435485839844,158.45236206054688,161.01937866210938,160.7555694580078
162.5626220703125,158.95480346679688,161.36410522460938,161.17408752441406
162.75607299804688,159.19566345214844,161.58001708984375,161.4026336669922
162.6482391357422,158.83639526367188,161.3557586669922,161.11566162109375
153.9562225341797,149.86195373535156,152.5074920654297,152.15652465820312
162.5401153564453,159.08938598632812,161.4140625,161.26283264160156
159.60601806640625,155.80616760253906,158.3100128173828,158.0585479736328
137.9530792236328,134.4209747314453,136.7007293701172,136.04779052734375
60.585357666015625,58.86751174926758,59.56696319580078,59.53706741333008
120.16228485107422,116.982421875,118.86056518554688,118.39909362792969
149.52337646484375,145.7156982421875,148.2128448486328,147.57562255859375
160.46621704101562,156.4039306640625,159.06826782226562,158.44143676757812
163.4619140625,159.8726806640625,162.27464294433594,162.09347534179688
158.626220703125,154.4386749267578,157.14830017089844,156.79624938964844
164.51307678222656,160.35641479492188,163.06690979003906,162.75025939941406
165.82553100585938,162.12445068359375,164.59365844726562,164.3959197998047
164.54644775390625,160.74281311035156,163.26339721679688,163.0342559814453
165.23568725585938,160.98435974121094,163.7479705810547,163.4113006591797
167.32656860351562,163.76980590820312,166.165771484375,166.01084899902344
167.2859344482422,163.61703491210938,166.0732421875,165.89036560058594
161.44090270996094,157.20057678222656,159.9469757080078,159.5951385498047
167.08303833007812,163.02491760253906,165.69003295898438,165.4098663330078
169.75613403320312,166.13536071777344,168.57301330566406,168.41368103027344
166.24684143066406,162.18064880371094,164.84762573242188,164.56150817871094
168.3579864501953,163.87734985351562,166.773681640625,166.3949432373047
161.8325958251953,157.4185333251953,160.25962829589844,159.86663818359375
171.3994598388672,167.66183471679688,170.16726684570312,169.98675537109375
170.03509521484375,165.864501953125,168.5989227294922,168.30484008789062
173.13543701171875,169.45327758789062,171.93402099609375,171.77542114257812
173.3106231689453,169.418701171875,172.0128631591797,171.8031768798828
171.75804138183594,167.82798767089844,170.4380645751953,170.2116241455078
173.14358520507812,169.38241577148438,171.90570068359375,171.7275848388672
173.23281860351562,169.45474243164062,171.98739624023438,171.80551147460938
174.7138214111328,170.9498291015625,173.47930908203125,173.30789184570312
175.2517547607422,171.52325439453125,174.0352325439453,173.87513732910156
167.9219207763672,163.58506774902344,166.4027099609375,166.0574951171875
173.96954345703125,169.66351318359375,172.4825439453125,172.1734619140625
174.94970703125,171.0253448486328,173.64186096191406,173.4318389892578
175.99044799804688,172.23788452148438,174.7650146484375,174.60243225097656
168.98919677734375,164.6293182373047,167.46250915527344,167.11663818359375
174.943115234375,171.172119140625,173.7060546875,173.5339813232422
175.28887939453125,171.36973571777344,173.98443603515625,173.77732849121094
176.95895385742188,173.07867431640625,175.6774139404297,175.48780822753906
176.45599365234375,172.4644317626953,175.12159729003906,174.9020538330078
175.27711486816406,171.3112335205078,173.9510498046875,173.73231506347656
176.49407958984375,172.40867614746094,175.11643981933594,174.8738555908203
176.41851806640625,172.3509521484375,175.0489044189453,174.8103790283203
172.20448303222656,167.87852478027344,170.70301818847656,170.3806915283203
178.00025939941406,174.21041870117188,176.76358032226562,176.60125732421875
172.6772003173828,168.39517211914062,171.1974334716797,170.88819885253906
149.43536376953125,145.59181213378906,148.1063232421875,147.38653564453125
165.29931640625,161.0697021484375,163.84083557128906,163.164794921875
176.07618713378906,172.30459594726562,174.8422088623047,174.6753387451172
177.42315673828125,173.60191345214844,176.17027282714844,175.9974365234375
178.71499633789062,174.84503173828125,177.44345092773438,177.2646484375
177.47189331054688,173.22930908203125,176.02459716796875,175.74771118164062
180.46453857421875,176.61996459960938,179.2099151611328,179.045654296875
180.6483612060547,176.64852905273438,179.32260131835938,179.12075805664062
180.52687072753906,176.5761260986328,179.22340393066406,179.0331573486328
181.2525634765625,177.28521728515625,179.94358825683594,179.7526397705078
146.73635864257812,142.9353790283203,145.26319885253906,144.62985229492188
110.1558837890625,107.00230407714844,108.2821273803711,107.92308044433594
138.47108459472656,134.91253662109375,137.14967346191406,136.5223388671875
181.43527221679688,177.25491333007812,180.0284881591797,179.7856903076172
182.2770233154297,177.63168334960938,180.6580352783203,180.30410766601562
182.0447998046875,177.07423400878906,180.2749481201172,179.83944702148438
181.1262969970703,176.8061981201172,179.65408325195312,179.37522888183594
171.1453094482422,166.64291381835938,169.5794219970703,168.85386657714844
179.226318359375,174.64181518554688,177.644287109375,176.95120239257812
178.926513671875,174.5574951171875,177.42515563964844,177.12384033203125
182.23919677734375,177.82223510742188,180.72555541992188,180.427978515625
183.07174682617188,178.91099548339844,181.6788787841797,181.44863891601562
170.48822021484375,165.60101318359375,168.7205352783203,168.2138671875
183.41395568847656,178.35415649414062,181.60696411132812,181.15582275390625
184.4325714111328,180.4160614013672,183.1103515625,182.92221069335938
184.13914489746094,179.78379821777344,182.6595916748047,182.38621520996094
184.44041442871094,180.20849609375,183.01876831054688,182.77735900878906
184.91905212402344,180.64788818359375,183.48068237304688,183.23182678222656
183.64401245117188,179.3485107421875,182.1906280517578,181.9297332763672
183.8031768798828,179.2469024658203,182.22984313964844,181.90516662597656
185.94619750976562,181.97109985351562,184.64761352539062,184.4768524169922
172.78977966308594,168.28799438476562,171.23239135742188,170.46751403808594
184.7074432373047,179.5891876220703,182.8773193359375,182.4178009033203
184.54466247558594,180.5305938720703,183.22390747070312,183.0369110107422
183.45631408691406,179.36285400390625,182.0956573486328,181.88388061523438
184.92855834960938,180.84190368652344,183.575439453125,183.37228393554688
185.33470153808594,181.38339233398438,184.0452880859375,183.87753295898438
184.9853057861328,180.97164916992188,183.66604614257812,183.48123168945312
185.26983642578125,181.22035217285156,183.9348907470703,183.74253845214844
185.74366760253906,181.70797729492188,184.41648864746094,184.22979736328125
186.4166259765625,182.40707397460938,185.103515625,184.92645263671875
187.07774353027344,183.08750915527344,185.77552795410156,185.60635375976562
187.25350952148438,183.2288055419922,185.93589782714844,185.75901794433594
186.6287078857422,182.43096923828125,185.22933959960938,185.00669860839844
185.94940185546875,181.81617736816406,184.5778045654297,184.36793518066406
183.27114868164062,179.01133728027344,181.83314514160156,181.57931518554688
182.7849578857422,178.63522338867188,181.39633178710938,181.16746520996094
180.7361297607422,176.51708984375,179.3094024658203,179.05372619628906
182.32044982910156,177.62191772460938,180.67703247070312,180.31016540527344
181.93809509277344,177.99905395507812,180.64422607421875,180.46353149414062
182.21728515625,177.93199157714844,180.7643585205078,180.499267578125
182.45217895507812,178.30596923828125,181.06419372558594,180.83462524414062
183.55616760253906,179.57542419433594,182.24786376953125,182.06446838378906
180.39486694335938,175.9500732421875,178.8628692626953,178.5497283935547
183.15118408203125,179.14097595214844,181.8280792236328,181.63546752929688
181.7849578857422,177.5282440185547,180.34396362304688,180.0839080810547
184.3330841064453,180.4019775390625,183.0500030517578,182.88253784179688
183.70211791992188,179.59780883789062,182.33718872070312,182.12388610839844
183.99740600585938,180.07337951660156,182.7165985107422,182.54931640625
184.91224670410156,180.94448852539062,183.6139678955078,183.44017028808594
184.41712951660156,180.37648010253906,183.08370971679688,182.8895263671875
179.5528564453125,175.23439025878906,178.07669067382812,177.7908477783203
182.73519897460938,178.2062530517578,181.1713104248047,180.84835815429688
179.973388671875,175.61293029785156,178.47909545898438,178.184814453125
182.9918670654297,178.8286590576172,181.5976104736328,181.36639404296875
182.2648468017578,177.93173217773438,180.79000854492188,180.5133056640625
185.20803833007812,181.25833129882812,183.91897583007812,183.75103759765625
173.69935607910156,168.89569091796875,171.98175048828125,171.54823303222656
183.83438110351562,179.74461364746094,182.47654724121094,182.26748657226562
149.06285095214844,145.06182861328125,147.44448852539062,146.87066650390625
142.66795349121094,138.0347442626953,140.30661010742188,140.3787841796875
144.0881805419922,140.3856964111328,142.77381896972656,142.09432983398438
185.22479248046875,180.01451110839844,183.3537139892578,182.8738555908203
186.03399658203125,182.0123291015625,184.7141571044922,184.5323028564453
188.07888793945312,183.93008422851562,186.7064208984375,186.5027313232422
186.4280548095703,181.8746795654297,184.86387634277344,184.55227661132812
188.51673889160156,184.49310302734375,187.203369140625,187.03271484375
188.5852508544922,184.55860900878906,187.2707061767578,187.09962463378906
187.558349609375,183.36436462402344,186.16348266601562,185.94615173339844
188.39004516601562,184.3583526611328,187.0725860595703,186.8993377685547
179.02806091308594,174.27774047851562,177.35092163085938,176.9557342529297
188.59295654296875,184.5564727783203,187.27389526367188,187.1004180908203
186.1585235595703,182.14532470703125,184.8429718017578,184.66378784179688
187.39125061035156,182.97894287109375,185.8950653076172,185.62290954589844
201.441650390625,197.0847625732422,200.01283264160156,199.82058715820312
202.4788055419922,198.01065063476562,201.00169372558594,200.7867889404297
203.40585327148438,198.9441375732422,201.93447875976562,201.7255401611328
201.472900390625,197.0509796142578,200.01414489746094,199.8059539794922
201.91229248046875,197.5137176513672,200.46563720703125,200.26528930664062
202.20240783691406,197.7991485595703,200.75445556640625,200.55430603027344
204.3503875732422,199.98085021972656,202.92437744140625,202.74270629882812
204.37176513671875,199.95338439941406,202.9232635498047,202.72959899902344
203.77647399902344,199.3607635498047,202.3274383544922,202.13162231445312
204.81771850585938,200.42694091796875,203.38328552246094,203.19857788085938
192.8404083251953,187.44097900390625,190.9046173095703,190.41383361816406
205.6851806640625,201.285888671875,204.24940490722656,204.066650390625
203.53811645507812,199.05836486816406,202.05882263183594,201.84603881835938
206.03627014160156,201.4174041748047,204.50015258789062,204.26470947265625
204.866943359375,200.17190551757812,203.29217529296875,203.03236389160156
208.3408660888672,203.88307189941406,206.885986328125,206.70126342773438
200.8499755859375,195.67616271972656,199.04217529296875,198.64495849609375
205.8955078125,200.97296142578125,204.21875,203.90748596191406
205.7281951904297,201.12814331054688,204.19984436035156,203.9676055908203
206.13311767578125,201.6436767578125,204.65704345703125,204.4541015625
206.77488708496094,202.34701538085938,205.32916259765625,205.14447021484375
206.59603881835938,202.03660583496094,205.08901977539062,204.87094116210938
195.36627197265625,189.99432373046875,193.45068359375,192.9785919189453
205.61732482910156,200.14622497558594,203.68643188476562,203.23809814453125
208.47959899902344,203.90182495117188,206.9697265625,206.75596618652344
206.3416748046875,201.48751831054688,204.69781494140625,204.40557861328125
209.09950256347656,204.4375,207.5525665283203,207.32089233398438
206.16615295410156,201.20008850097656,204.47010803222656,204.14935302734375
207.6923370361328,203.00526428222656,206.129638671875,205.8851318359375
208.95718383789062,204.15081787109375,207.34315490722656,207.0750732421875
208.83200073242188,203.97213745117188,207.1929168701172,206.9110107421875
209.35032653808594,204.72215270996094,207.81976318359375,207.59762573242188
212.2649688720703,207.67628479003906,210.76129150390625,210.5626678466797
210.77398681640625,205.86331176757812,209.11721801757812,208.83187866210938
214.61599731445312,209.95663452148438,213.08668518066406,212.88165283203125
213.01002502441406,208.33277893066406,211.46768188476562,211.25064086914062
216.23915100097656,211.39146423339844,214.62770080566406,214.38369750976562
216.35494995117188,211.270751953125,214.63462829589844,214.3326416015625
218.02984619140625,213.3402862548828,216.4967498779297,216.30030822753906
218.46551513671875,213.78762817382812,216.9390869140625,216.7476043701172
216.4355926513672,211.58676147460938,214.82420349121094,214.58084106445312
211.62904357910156,206.24386596679688,209.7556915283203,209.35696411132812
220.92364501953125,216.1920623779297,219.37974548339844,219.18653869628906
220.9866943359375,216.23422241210938,219.43333435058594,219.23526000976562
222.3463134765625,217.35569763183594,220.68701171875,220.43643188476562
221.75917053222656,216.2938995361328,219.87896728515625,219.50811767578125
221.4277801513672,216.14828491210938,219.6323699951172,219.3059539794922
222.44967651367188,217.59059143066406,220.8514404296875,220.63388061523438
223.2340850830078,218.333740234375,221.61911010742188,221.39503479003906
225.17454528808594,220.34967041015625,223.60020446777344,223.40394592285156
226.2727508544922,220.9669952392578,224.47962951660156,224.16952514648438
229.5340118408203,224.42503356933594,227.84144592285156,227.59539794921875
223.90992736816406,218.4486083984375,222.03794860839844,221.67820739746094
211.96173095703125,206.34796142578125,210.0113525390625,209.08705139160156
172.8451385498047,167.44647216796875,170.29376220703125,170.0810546875
198.93621826171875,193.69627380371094,197.1181182861328,196.25082397460938
227.5558624267578,221.63821411132812,225.5044708251953,224.65267944335938
231.70359802246094,226.66525268554688,230.0500946044922,229.83175659179688
234.54754638671875,229.5187225341797,232.9069061279297,232.70431518554688
235.05308532714844,230.0078582763672,233.4063720703125,233.20211791992188
222.91256713867188,216.89097595214844,220.77891540527344,220.27581787109375
233.3220672607422,227.2653045654297,231.22262573242188,230.3714599609375
231.89398193359375,226.40753173828125,230.03411865234375,229.70578002929688
225.1055450439453,219.29489135742188,223.0758056640625,222.63523864746094
234.39434814453125,229.35960388183594,232.75050354003906,232.5457305908203
234.75479125976562,229.70037841796875,233.10292053222656,232.89498901367188
235.9625244140625,230.8985595703125,234.30984497070312,234.10523986816406
