High_RNN,Low_RNN,Open_RNN,Close_RNN
0.8678808808326721,0.9056864976882935,0.7628893256187439,0.953993022441864
0.9999567270278931,0.9998307228088379,0.9999065399169922,0.9998891949653625
0.9999611377716064,0.9998480677604675,0.9998837113380432,0.9998833537101746
0.9999658465385437,0.9998356699943542,0.9999156594276428,0.9998711943626404
0.9999585151672363,0.9998521208763123,0.9998347759246826,0.9998759627342224
0.9999658465385437,0.9998345375061035,0.9999176263809204,0.9998708963394165
0.999969482421875,0.9998416304588318,0.9999074339866638,0.9998589158058167
0.9999702572822571,0.9998435378074646,0.9999034404754639,0.9998549222946167
0.999911904335022,0.999580442905426,0.999796450138092,0.9996176958084106
0.9999728798866272,0.9998444318771362,0.9999021291732788,0.9998427629470825
0.9999668598175049,0.9998423457145691,0.9999057650566101,0.9998676180839539
0.9999638199806213,0.999832808971405,0.9999203085899353,0.9998767971992493
0.9873480796813965,0.9339325428009033,0.9883350133895874,0.937876284122467
0.8888812065124512,0.7345359325408936,0.8684141635894775,0.7093349099159241
0.9989069700241089,0.9929066300392151,0.9995982050895691,0.9943317174911499
0.9951701760292053,0.9939476251602173,0.9954508543014526,0.994069516658783
0.9999498724937439,0.9997173547744751,0.9999312162399292,0.999763548374176
0.9962276220321655,0.9956465363502502,0.9964643716812134,0.995749294757843
0.9999588131904602,0.9998193979263306,0.9999080300331116,0.9998749494552612
0.9999004602432251,0.9991738200187683,0.9999023675918579,0.9990596175193787
0.9999590516090393,0.9996429681777954,0.9998944401741028,0.9994902014732361
0.9999173283576965,0.999474048614502,0.9999540448188782,0.9995049238204956
0.9999772310256958,0.9998357892036438,0.9999078512191772,0.9997915625572205
0.9999238848686218,0.9997677803039551,0.9995893239974976,0.9997767806053162
0.9999616742134094,0.9998308420181274,0.9999207258224487,0.999879777431488
0.9999608993530273,0.9998260140419006,0.9999276995658875,0.9998751878738403
0.9999640583992004,0.9998332858085632,0.9999181628227234,0.9998749494552612
0.9999592900276184,0.9998251795768738,0.9999292492866516,0.9998723268508911
0.9999603629112244,0.9998297095298767,0.9999213814735413,0.999873161315918
0.9999644160270691,0.9998320937156677,0.9999194741249084,0.9998723268508911
0.9999647736549377,0.9998329877853394,0.9999182224273682,0.9998711347579956
0.9999580383300781,0.9998224377632141,0.9999343156814575,0.9998725056648254
0.999965488910675,0.9998345971107483,0.9999160766601562,0.9998692274093628
0.9999611377716064,0.999829113483429,0.9999216794967651,0.999871015548706
0.9999646544456482,0.9998336434364319,0.999917209148407,0.9998733997344971
0.9999654293060303,0.9998341202735901,0.9999161958694458,0.9998700022697449
0.9999628663063049,0.9998282194137573,0.9999237060546875,0.999875009059906
0.9999650716781616,0.9998331665992737,0.9999173879623413,0.9998728632926941
0.9999602437019348,0.9998264908790588,0.9999272227287292,0.9998748898506165
0.9997953772544861,0.9993646740913391,0.9997347593307495,0.9994171857833862
0.9999696016311646,0.9998404383659363,0.9999115467071533,0.9998584389686584
0.9999396800994873,0.9996124505996704,0.9999583959579468,0.9996107220649719
0.9999722838401794,0.9998407363891602,0.9999120831489563,0.9998465776443481
0.9999596476554871,0.9998276829719543,0.9999241828918457,0.9998704791069031
0.9999291300773621,0.9997573494911194,0.9994720816612244,0.9997716546058655
0.9999648332595825,0.9998327493667603,0.9999183416366577,0.9998734593391418
0.99996417760849,0.9998411536216736,0.9999032616615295,0.999873161315918
0.9999613165855408,0.9997130632400513,0.9999364018440247,0.9996410608291626
0.999976396560669,0.9997996687889099,0.999884307384491,0.9996899366378784
0.9999616742134094,0.9998288154602051,0.9999229311943054,0.999868631362915
0.9999178647994995,0.9997841715812683,0.9995078444480896,0.9998055696487427
0.9999620914459229,0.999828040599823,0.9999246001243591,0.9998769164085388
0.9999609589576721,0.9998282790184021,0.9999231696128845,0.999874472618103
0.9999611377716064,0.9998291730880737,0.9999229907989502,0.999873697757721
0.9999637007713318,0.9998325705528259,0.9999191761016846,0.9998733401298523
0.999967098236084,0.9998359084129333,0.999916672706604,0.9998675584793091
0.9999436736106873,0.9996071457862854,0.9999569654464722,0.999585747718811
0.9998474717140198,0.9993188977241516,0.9998031258583069,0.9993923902511597
0.9998987913131714,0.9995244741439819,0.9997812509536743,0.9995742440223694
0.9999668002128601,0.9998375177383423,0.9999128580093384,0.9998680353164673
0.9999428391456604,0.9997181296348572,0.9996505975723267,0.9996886849403381
0.9998548626899719,0.9995352029800415,0.9995715618133545,0.9995290040969849
0.9999679923057556,0.9998403191566467,0.9999045729637146,0.9998636841773987
0.9999650716781616,0.9998324513435364,0.999918520450592,0.9998732209205627
0.9999691247940063,0.9998387694358826,0.9999098777770996,0.9998594522476196
0.999967634677887,0.999835729598999,0.9999154806137085,0.9998658895492554
0.9999675750732422,0.9998379945755005,0.9999116063117981,0.9998658895492554
0.9999694228172302,0.9998392462730408,0.9999107122421265,0.9998589158058167
0.9995982646942139,0.9993936419487,0.9995996952056885,0.9994078874588013
0.9999701976776123,0.9998403191566467,0.9999086260795593,0.9998554587364197
0.9996736645698547,0.999420702457428,0.9996059536933899,0.9994305372238159
0.9999664425849915,0.9998401403427124,0.999906599521637,0.999870240688324
0.9995959997177124,0.9994115829467773,0.9995405077934265,0.9994184374809265
0.9999619126319885,0.9998458623886108,0.9998916983604431,0.9998837113380432
0.9999669194221497,0.9998443126678467,0.9998996257781982,0.9998666644096375
0.9999667406082153,0.9998364448547363,0.9999161958694458,0.9998672008514404
0.9666838645935059,0.8327341079711914,0.9638090133666992,0.8568001389503479
0.9185634851455688,0.4917820394039154,0.9013400673866272,0.49401405453681946
0.9999438524246216,0.9996383786201477,0.9999558925628662,0.9996880888938904
0.9999645352363586,0.9998294115066528,0.999919056892395,0.9998714327812195
0.999964714050293,0.9998290538787842,0.9999185800552368,0.9998700022697449
0.9999647736549377,0.9998310208320618,0.9999175667762756,0.9998711943626404
0.999965250492096,0.999832272529602,0.9999169111251831,0.9998705387115479
0.9999629259109497,0.9998281598091125,0.9999229311943054,0.9998753070831299
0.9999653100967407,0.9998329877853394,0.9999173283576965,0.9998714923858643
0.9999363422393799,0.9997562766075134,0.9993438720703125,0.9997598528862
0.999962329864502,0.9998288154602051,0.9999240636825562,0.9998792409896851
0.9999560117721558,0.9998220205307007,0.9999359846115112,0.9998728036880493
0.9999623894691467,0.9998297691345215,0.9999228715896606,0.9998769164085388
0.9999653100967407,0.9998316168785095,0.9999203085899353,0.999872624874115
0.9999676942825317,0.9998369216918945,0.9999146461486816,0.9998664855957031
0.9999685883522034,0.999837338924408,0.9999133944511414,0.999862015247345
0.9999744296073914,0.9998463988304138,0.9998993873596191,0.9998281002044678
0.9999690651893616,0.9998416304588318,0.9999075531959534,0.9998607635498047
0.9999672174453735,0.9998367428779602,0.9999139308929443,0.9998670220375061
0.9999685287475586,0.9998394846916199,0.9999091029167175,0.9998611211776733
0.9999700784683228,0.9998407363891602,0.9999090433120728,0.9998571872711182
0.9996034502983093,0.9993990063667297,0.9995981454849243,0.9994139075279236
0.9999638795852661,0.9998350739479065,0.9999152421951294,0.9998767971992493
0.9999600648880005,0.999826967716217,0.9999254941940308,0.9998742938041687
0.9999212026596069,0.9997247457504272,0.9994242191314697,0.9997419714927673
0.9999632239341736,0.9998303055763245,0.9999207258224487,0.9998761415481567
0.9999181628227234,0.9997408390045166,0.9992420673370361,0.9997814893722534
0.9999575018882751,0.9998379945755005,0.9999051094055176,0.9998921751976013
0.9999632835388184,0.9998331665992737,0.9999153017997742,0.9998756647109985
0.9999557137489319,0.9998252391815186,0.9999266862869263,0.9998660683631897
0.9999620914459229,0.9998375177383423,0.9999095797538757,0.9998791217803955
0.9998095035552979,0.9991028308868408,0.9998193979263306,0.9991832971572876
0.999966025352478,0.9998335242271423,0.9999176263809204,0.9998693466186523
0.9999547004699707,0.9998225569725037,0.9999336004257202,0.9998676180839539
0.9999641180038452,0.999837338924408,0.9999119639396667,0.9998766183853149
0.999919593334198,0.9994601607322693,0.999945878982544,0.9994688630104065
0.9999675154685974,0.9998438954353333,0.9998961091041565,0.9998643398284912
0.9998422265052795,0.9994246363639832,0.9997338056564331,0.9994627237319946
0.9999710917472839,0.9998435974121094,0.9999065399169922,0.9998551607131958
0.9999657273292542,0.9998332858085632,0.9999192357063293,0.9998706579208374
0.999962568283081,0.9998337030410767,0.999918520450592,0.9998734593391418
0.9999373555183411,0.9997990131378174,0.9994854927062988,0.9998233318328857
0.9553393125534058,0.8953080773353577,0.7630630135536194,0.9339906573295593
0.9999459981918335,0.9997857809066772,0.9999740123748779,0.9998830556869507
0.9631948471069336,0.8495574593544006,0.9009407758712769,0.8882651925086975
0.9998880624771118,0.999510645866394,0.9999461770057678,0.999707043170929
0.9999699592590332,0.9998294711112976,0.999914288520813,0.9998424053192139
0.9999600052833557,0.9998347759246826,0.9999123811721802,0.999884843826294
0.9999632239341736,0.9997501969337463,0.9999300837516785,0.9997024536132812
0.9999709725379944,0.9998371601104736,0.9999091625213623,0.9998449683189392
0.9999648332595825,0.999832808971405,0.9999172687530518,0.9998719096183777
0.999933123588562,0.9997624754905701,0.9994556307792664,0.9998008012771606
0.9999610185623169,0.9998244643211365,0.9999310374259949,0.9998775720596313
0.9999593496322632,0.9998292922973633,0.9999215602874756,0.9998731017112732
0.9999481439590454,0.9998087882995605,0.999956488609314,0.9998661875724792
0.9999686479568481,0.9998155236244202,0.9998906850814819,0.9997726082801819
0.9999174475669861,0.9996515512466431,0.9998155832290649,0.9996987581253052
0.9999587535858154,0.9998233914375305,0.9999330043792725,0.9998728036880493
0.999955415725708,0.9998239278793335,0.999931275844574,0.9998669624328613
0.9999611973762512,0.9998270869255066,0.9999244809150696,0.9998733401298523
0.9999645948410034,0.999832034111023,0.9999185800552368,0.9998704195022583
0.999966025352478,0.9998345375061035,0.9999156594276428,0.9998682141304016
0.9999295473098755,0.9997824430465698,0.9996402263641357,0.9997114539146423
0.9999618530273438,0.9998284578323364,0.9999249577522278,0.9998793601989746
0.999965488910675,0.999836802482605,0.9999136328697205,0.9998723268508911
0.9998078346252441,0.9995022416114807,0.9995981454849243,0.9994988441467285
0.9999616146087646,0.9998319149017334,0.999919056892395,0.9998806118965149
0.9999619126319885,0.9998316168785095,0.9999189972877502,0.9998763203620911
0.9999624490737915,0.9998288154602051,0.999923050403595,0.999875009059906
0.9999637007713318,0.9998320937156677,0.9999192953109741,0.9998739957809448
0.9999637007713318,0.9998306035995483,0.9999204277992249,0.9998741149902344
0.9998700022697449,0.9995328783988953,0.9984114170074463,0.9995114803314209
0.9570319652557373,0.8877911567687988,0.6123368740081787,0.9096450209617615
0.9619739055633545,0.8478665947914124,0.9078741669654846,0.845522940158844
0.9995782375335693,0.999337375164032,0.9995915293693542,0.9992624521255493
0.999846339225769,0.9992788434028625,0.9998916983604431,0.9994073510169983
0.9999737739562988,0.9997811913490295,0.9999257326126099,0.9996851682662964
0.9999775290489197,0.9998483657836914,0.9999027252197266,0.999811589717865
0.9999803900718689,0.9998475909233093,0.9999024271965027,0.9997842907905579
0.999977707862854,0.9998456835746765,0.9999070167541504,0.9998129606246948
0.9997672438621521,0.9993788599967957,0.9997307658195496,0.9993883967399597
0.9999711513519287,0.9997813701629639,0.9999020099639893,0.9996984004974365
0.9978125691413879,0.9941695332527161,0.9978773593902588,0.9943276047706604
0.9995393753051758,0.9993981122970581,0.9995599389076233,0.9993939995765686
0.9999710321426392,0.9997541308403015,0.9999246001243591,0.9996498823165894
0.99996417760849,0.9998345375061035,0.9999151229858398,0.9998753666877747
0.9999685287475586,0.9998359680175781,0.999915361404419,0.9998599290847778
0.9998031854629517,0.9995166659355164,0.9995843172073364,0.9995403289794922
0.9999626874923706,0.9998350143432617,0.9999116063117981,0.9998788833618164
0.9999642372131348,0.9998332858085632,0.9999158978462219,0.9998743534088135
0.999963641166687,0.9998316168785095,0.999918520450592,0.9998738169670105
0.9999625086784363,0.9998396039009094,0.9999033212661743,0.999877393245697
0.9999130964279175,0.9997202157974243,0.999321699142456,0.9997432827949524
0.9999635815620422,0.9998330473899841,0.9999138712882996,0.9998763203620911
0.9999697208404541,0.9998446106910706,0.9999012351036072,0.9998554587364197
0.999968409538269,0.9998422861099243,0.9999070167541504,0.9998631477355957
0.9999669194221497,0.9998371005058289,0.9999133348464966,0.9998666644096375
0.999966025352478,0.9998345375061035,0.9999158978462219,0.9998677372932434
0.9999664425849915,0.999835729598999,0.9999150037765503,0.9998683333396912
0.999968409538269,0.9998383522033691,0.9999110698699951,0.999860942363739
0.9999690651893616,0.9998391270637512,0.9999095797538757,0.9998587369918823
0.9999714493751526,0.9998419284820557,0.9999048709869385,0.9998465180397034
0.9999683499336243,0.999840259552002,0.9999098777770996,0.9998626708984375
0.999969482421875,0.9998384118080139,0.9999127388000488,0.9998595118522644
0.9999679923057556,0.9998403191566467,0.9999108910560608,0.9998641610145569
0.999967634677887,0.9998369812965393,0.9999146461486816,0.9998658895492554
0.999971866607666,0.9998430013656616,0.9999070167541504,0.9998493194580078
0.9999712705612183,0.9998442530632019,0.9999034404754639,0.9998509287834167
0.9999711513519287,0.9998440742492676,0.9999036192893982,0.9998506903648376
0.9999679923057556,0.9998391270637512,0.999912679195404,0.9998653531074524
0.9999274611473083,0.9997831583023071,0.9994795322418213,0.9998127222061157
0.9999479055404663,0.9996552467346191,0.9998623132705688,0.9995641708374023
0.9997004866600037,0.9993627667427063,0.9996799230575562,0.9993861317634583
0.9999690651893616,0.9998417496681213,0.9999081492424011,0.9998611211776733
0.999940812587738,0.9997762441635132,0.9998378753662109,0.9998072385787964
0.9999539256095886,0.9998231530189514,0.9997608661651611,0.9998324513435364
0.9999654293060303,0.999832808971405,0.9999192357063293,0.9998695850372314
0.9999614953994751,0.9998303055763245,0.9999213814735413,0.9998733401298523
0.9999334812164307,0.9997509717941284,0.9993816614151001,0.9997667670249939
0.999961793422699,0.9998274445533752,0.9999259114265442,0.9998780488967896
0.9999604225158691,0.9998257756233215,0.9999273419380188,0.9998751282691956
0.999931812286377,0.9997521638870239,0.99941486120224,0.9997745156288147
0.9999583959579468,0.9998207092285156,0.9999387860298157,0.9998776912689209
0.9999639391899109,0.9998329877853394,0.9999169111251831,0.9998729228973389
0.9999549388885498,0.9998211860656738,0.9999367594718933,0.99986732006073
0.999963104724884,0.9998318552970886,0.9999183416366577,0.9998739361763
0.9999631643295288,0.9998326301574707,0.9999186396598816,0.9998747706413269
0.9999337792396545,0.9997637867927551,0.9993534088134766,0.9997894763946533
0.9999626874923706,0.9998302459716797,0.9999212622642517,0.9998779296875
0.9999618530273438,0.9998335242271423,0.999915361404419,0.9998767971992493
0.999962329864502,0.9998312592506409,0.9999204874038696,0.9998772144317627
0.9999693036079407,0.9997562766075134,0.9999232292175293,0.9996647238731384
0.9998721480369568,0.9995782971382141,0.9996016025543213,0.9995854496955872
0.9999639391899109,0.999833345413208,0.9999174475669861,0.9998769164085388
0.9999660849571228,0.9998348355293274,0.9999149441719055,0.9998700618743896
0.9999638795852661,0.9998311996459961,0.9999192357063293,0.9998738169670105
0.99996417760849,0.999833881855011,0.9999164938926697,0.9998749494552612
0.9999653100967407,0.9998363852500916,0.9999129176139832,0.9998712539672852
0.9999642372131348,0.9998317360877991,0.9999187588691711,0.9998733401298523
0.9999622106552124,0.9998316168785095,0.9999182820320129,0.9998753070831299
0.9998927712440491,0.9996724724769592,0.9989824295043945,0.9997252225875854
0.9999625086784363,0.9998318552970886,0.9999175667762756,0.9998788833618164
0.9999617338180542,0.9998288750648499,0.9999216794967651,0.9998774528503418
0.9999628067016602,0.999830961227417,0.9999205470085144,0.9998754262924194
0.9999627470970154,0.9998284578323364,0.9999226927757263,0.9998756647109985
0.9999670386314392,0.9998369812965393,0.9999116659164429,0.9998666644096375
0.9999275803565979,0.9997291564941406,0.9991967082023621,0.999719500541687
0.9999619126319885,0.9998362064361572,0.9999125003814697,0.9998825192451477
0.9999635219573975,0.9998356103897095,0.9999133944511414,0.9998751282691956
0.9999625086784363,0.9998286366462708,0.999923050403595,0.9998748302459717
0.9999644160270691,0.999837338924408,0.9999131560325623,0.9998728036880493
0.9999297857284546,0.9997515082359314,0.999229907989502,0.9997710585594177
0.9999621510505676,0.999832034111023,0.9999181032180786,0.9998807907104492
0.9999625086784363,0.9998346567153931,0.9999138712882996,0.9998784065246582
0.9999630451202393,0.9998332858085632,0.9999169111251831,0.9998759627342224
0.9999639391899109,0.999829888343811,0.9999215602874756,0.9998749494552612
0.9999653100967407,0.9998345971107483,0.9999150633811951,0.9998717308044434
0.9999657273292542,0.9998365640640259,0.9999122619628906,0.9998701214790344
0.9999714493751526,0.9998414516448975,0.9999039769172668,0.9998449683189392
0.9999687075614929,0.999840497970581,0.9999077916145325,0.9998607635498047
0.9999691843986511,0.9998412728309631,0.9999064207077026,0.9998595714569092
0.9999703764915466,0.9998406171798706,0.9999070763587952,0.9998537302017212
0.9995133876800537,0.9994289875030518,0.9995409846305847,0.999428927898407
0.9999718070030212,0.9998472332954407,0.9998912811279297,0.9998461008071899
0.9994853138923645,0.9993501901626587,0.9994696378707886,0.9993504285812378
0.9999660849571228,0.9998559951782227,0.9998576641082764,0.999869704246521
0.997632622718811,0.9973678588867188,0.997700035572052,0.9973515272140503
0.9999688267707825,0.999851644039154,0.999880313873291,0.9998621940612793
0.9999694228172302,0.999841034412384,0.999906599521637,0.9998593926429749
0.99994295835495,0.9997580647468567,0.9997695088386536,0.9997686147689819
0.9999735355377197,0.9998484253883362,0.9998936057090759,0.9998379945755005
0.9999696016311646,0.9998428225517273,0.9999037981033325,0.9998565316200256
0.9999567866325378,0.999851405620575,0.999871015548706,0.9998898506164551
0.9999668002128601,0.9998359084129333,0.9999150633811951,0.9998679757118225
0.9999663829803467,0.9998375177383423,0.9999117851257324,0.9998675584793091
0.9999676942825317,0.9998363852500916,0.999914288520813,0.9998648762702942
0.9999634623527527,0.9997579455375671,0.9999340176582336,0.9997153878211975
0.9999690055847168,0.999841034412384,0.9999066591262817,0.9998584389686584
0.9999656677246094,0.9998394846916199,0.9999075531959534,0.9998703598976135
0.999969482421875,0.9998414516448975,0.9999038577079773,0.9998557567596436
0.9999673366546631,0.9998363852500916,0.9999149441719055,0.9998671412467957
0.9999709725379944,0.9998381733894348,0.9999053478240967,0.9998434782028198
0.9999721646308899,0.9998392462730408,0.9999053478240967,0.9998387694358826
0.999970018863678,0.9998378157615662,0.9999099969863892,0.9998514652252197
0.9999616146087646,0.9998290538787842,0.9999227523803711,0.9998749494552612
0.9999656677246094,0.9998376369476318,0.9999114871025085,0.9998703598976135
0.9998810887336731,0.9994494915008545,0.9999297857284546,0.9995539784431458
0.9999746084213257,0.9998354911804199,0.999897837638855,0.9998026490211487
0.999969482421875,0.9998432397842407,0.9999039173126221,0.9998583793640137
0.9999673366546631,0.9998379945755005,0.9999123811721802,0.9998668432235718
0.9999633431434631,0.9998302459716797,0.999921441078186,0.9998762011528015
0.999967634677887,0.9998385310173035,0.9999105930328369,0.9998643398284912
0.999969482421875,0.9998403191566467,0.9999071955680847,0.9998561143875122
0.9999666213989258,0.9998383522033691,0.9999096393585205,0.9998661279678345
0.9999198913574219,0.9997826814651489,0.9998327493667603,0.9997903108596802
0.9999633431434631,0.9998303055763245,0.9999220967292786,0.9998774528503418
0.999954104423523,0.999852180480957,0.9998418092727661,0.9998915195465088
0.9999666810035706,0.9998349547386169,0.9999169111251831,0.9998679161071777
0.9999646544456482,0.9998315572738647,0.9999202489852905,0.9998704791069031
0.9999638795852661,0.9998325705528259,0.9999184608459473,0.9998701214790344
0.9999672770500183,0.9998365640640259,0.9999141693115234,0.9998665452003479
0.999968409538269,0.9998371005058289,0.9999133944511414,0.9998621940612793
0.9999682903289795,0.9998369812965393,0.9999136328697205,0.9998631477355957
0.9999699592590332,0.9998400211334229,0.9999088644981384,0.9998551607131958
0.9994826912879944,0.9994139075279236,0.9995156526565552,0.9994117021560669
0.999970018863678,0.9998430609703064,0.9999033212661743,0.999858021736145
0.9999703764915466,0.9998410940170288,0.9999025464057922,0.9998511075973511
0.9995056986808777,0.9993898272514343,0.9995149970054626,0.999392032623291
0.9999679923057556,0.9998400211334229,0.9999071359634399,0.9998649954795837
0.9999691247940063,0.9998419880867004,0.9999001026153564,0.9998563528060913
0.9999690651893616,0.9998391270637512,0.9999048709869385,0.9998564720153809
0.9999678134918213,0.9998398423194885,0.9999097585678101,0.999863862991333
0.9999688267707825,0.9998397827148438,0.9999100565910339,0.999860942363739
0.9999716281890869,0.9998430013656616,0.999904453754425,0.999847948551178
0.999970018863678,0.9998427033424377,0.9999059438705444,0.9998567700386047
0.9999698400497437,0.9998413920402527,0.9999066591262817,0.9998559355735779
0.9999706745147705,0.9998423457145691,0.9999060034751892,0.9998525381088257
0.9997114539146423,0.9994013905525208,0.9996534585952759,0.9994215965270996
0.9908952713012695,0.9878228306770325,0.9892693758010864,0.9875893592834473
0.9999686479568481,0.9998424649238586,0.9999014735221863,0.9998626112937927
0.9999676942825317,0.9998411536216736,0.9999074935913086,0.9998657703399658
0.9999656677246094,0.9998403787612915,0.9999088644981384,0.999873161315918
0.9999630451202393,0.9998294711112976,0.999923050403595,0.9998740553855896
0.9999639987945557,0.999833881855011,0.999917209148407,0.9998695254325867
0.9999620914459229,0.9998264908790588,0.9999275207519531,0.999876856803894
0.9997310042381287,0.9994068145751953,0.9996545314788818,0.9994310140609741
0.9999692440032959,0.9998392462730408,0.9999095797538757,0.9998592138290405
0.9999686479568481,0.9998381733894348,0.9999111890792847,0.9998616576194763
0.9999654293060303,0.9998362064361572,0.9999145269393921,0.9998726844787598
0.9999644160270691,0.9998312592506409,0.9999209046363831,0.999874472618103
0.9999681115150452,0.9998410940170288,0.9999091029167175,0.9998632669448853
0.9999656677246094,0.9997267723083496,0.9999319314956665,0.999635636806488
0.999526858329773,0.9994086623191833,0.9995496273040771,0.9994103908538818
0.9999713897705078,0.9998424649238586,0.9999089241027832,0.9998526573181152
0.9999688863754272,0.9998406171798706,0.9999091625213623,0.9998610019683838
0.9999660849571228,0.9998338222503662,0.9999178647994995,0.9998698830604553
0.9999663233757019,0.9998352527618408,0.9999159574508667,0.9998685717582703
0.9997124075889587,0.9994089603424072,0.9996432662010193,0.9994356036186218
0.9652583003044128,0.9007976055145264,0.6213715076446533,0.9063891768455505
0.9999614357948303,0.9998374581336975,0.9999073147773743,0.9998837113380432
0.9999651312828064,0.9998360276222229,0.9999134540557861,0.9998725652694702
0.9999658465385437,0.9998359680175781,0.999916136264801,0.9998711943626404
0.9999644756317139,0.9998318552970886,0.9999203085899353,0.9998738169670105
0.9999679923057556,0.9998385310173035,0.9999117255210876,0.9998641610145569
0.9999666213989258,0.9998359084129333,0.9999151229858398,0.99986732006073
0.9999650120735168,0.9998369812965393,0.9999138116836548,0.9998708367347717
0.9999234676361084,0.9996775984764099,0.9994968771934509,0.9996578693389893
0.9999638795852661,0.9998321533203125,0.9999198913574219,0.9998758435249329
0.9999644160270691,0.9998342394828796,0.9999163746833801,0.9998739957809448
0.9999617338180542,0.9998277425765991,0.9999247789382935,0.9998747110366821
0.9999648332595825,0.9998332262039185,0.9999178051948547,0.9998729228973389
0.9999635815620422,0.9998302459716797,0.9999211430549622,0.9998734593391418
0.9999607801437378,0.9998297095298767,0.9999215006828308,0.9998720288276672
0.9999638199806213,0.9998320937156677,0.9999194145202637,0.9998728036880493
0.9999600648880005,0.9998261332511902,0.9999276995658875,0.9998739957809448
0.999963641166687,0.9998307824134827,0.9999203085899353,0.9998751282691956
0.9999683499336243,0.9998383522033691,0.9999116063117981,0.999862790107727
0.9999669790267944,0.9998368620872498,0.9999133348464966,0.9998671412467957
0.9996955990791321,0.9994074106216431,0.9996357560157776,0.9994311928749084
0.9999651312828064,0.999833881855011,0.9999156594276428,0.9998720288276672
0.9999634027481079,0.9998325705528259,0.9999176263809204,0.9998735189437866
0.9999658465385437,0.9998358488082886,0.9999155402183533,0.9998697638511658
0.9999443292617798,0.9996193647384644,0.999958872795105,0.9996013045310974
0.9999748468399048,0.9998437166213989,0.9999040365219116,0.9998281598091125
0.9999679327011108,0.9998365640640259,0.9999141693115234,0.9998645186424255
0.9999688267707825,0.9998388886451721,0.9999093413352966,0.9998601675033569
0.9999698400497437,0.9998388886451721,0.9999104738235474,0.9998558759689331
0.9999698996543884,0.9998397827148438,0.9999082684516907,0.9998549818992615
0.9995582103729248,0.9994045495986938,0.9995712637901306,0.9994112849235535
0.999970555305481,0.9998543858528137,0.9998698830604553,0.9998518228530884
0.9997375011444092,0.9994533658027649,0.9995772242546082,0.9994521141052246
0.9999669790267944,0.9998394846916199,0.9999083280563354,0.9998686909675598
0.999297559261322,0.9981573820114136,0.9958030581474304,0.9978210926055908
0.9999634623527527,0.9998380541801453,0.999908447265625,0.999879002571106
0.999963104724884,0.999830424785614,0.9999217987060547,0.9998767375946045
0.9999664425849915,0.9998369216918945,0.9999141097068787,0.9998700022697449
0.9999626278877258,0.999829113483429,0.9999236464500427,0.9998749494552612
0.999963641166687,0.9998327493667603,0.999919056892395,0.9998722076416016
0.9999673366546631,0.9998373985290527,0.9999135136604309,0.9998664855957031
0.9999667406082153,0.9998441934585571,0.9999025464057922,0.9998667240142822
0.9999639391899109,0.9998314380645752,0.9999209642410278,0.9998745322227478
0.9999701976776123,0.9998437166213989,0.999902069568634,0.9998540878295898
0.9996054172515869,0.9994149804115295,0.9995462894439697,0.9994192719459534
0.9999681115150452,0.9998412132263184,0.999904990196228,0.9998636841773987
0.999968945980072,0.9998422861099243,0.9998999834060669,0.9998568892478943
0.9999666213989258,0.9998447895050049,0.9998978972434998,0.9998680353164673
0.9999701380729675,0.9998414516448975,0.9999078512191772,0.9998570084571838
0.999969482421875,0.9998422265052795,0.9999059438705444,0.9998579025268555
0.9999692440032959,0.9998432993888855,0.9999040365219116,0.999859094619751
0.9995814561843872,0.9994187355041504,0.9995834231376648,0.9994262456893921
0.9999711513519287,0.9998467564582825,0.9998958706855774,0.9998519420623779
0.999970018863678,0.9998409152030945,0.9999067187309265,0.9998556971549988
0.9999677538871765,0.9998375177383423,0.9999129772186279,0.9998658299446106
0.9999147057533264,0.9995987415313721,0.9997894763946533,0.9996325969696045
0.999971330165863,0.9998546242713928,0.9998791813850403,0.9998509883880615
0.9964008927345276,0.9795466065406799,0.9971790313720703,0.9797908663749695
0.9998213648796082,0.9992736577987671,0.9998080730438232,0.9993039965629578
0.9999668598175049,0.9998289346694946,0.99991375207901,0.9998548030853271
0.9999626278877258,0.9998341798782349,0.9999147653579712,0.9998796582221985
0.9996339678764343,0.9993928074836731,0.999342679977417,0.9994207620620728
0.9999611377716064,0.9998309016227722,0.999914824962616,0.9998822808265686
0.9999592304229736,0.9998331069946289,0.9999123811721802,0.9998833537101746
0.9999610781669617,0.9998313784599304,0.9999176263809204,0.9998794198036194
0.9999622106552124,0.9998325109481812,0.9999161958694458,0.9998777508735657
0.9999619126319885,0.9998340606689453,0.9999147653579712,0.9998801350593567
0.9999678134918213,0.9998400211334229,0.9999088644981384,0.9998653531074524
0.9999622106552124,0.9998294115066528,0.9999215602874756,0.9998756051063538
0.9999188780784607,0.9997541904449463,0.9992961883544922,0.9997963309288025
0.9364972710609436,0.8947295546531677,0.7133215069770813,0.9362302422523499
0.9999528527259827,0.9998381733894348,0.9998841285705566,0.9998964667320251
0.9999655485153198,0.9998418092727661,0.9998970031738281,0.9998707175254822
0.9999681115150452,0.9998413920402527,0.9999076724052429,0.9998646974563599
0.9998691082000732,0.9996113777160645,0.999301016330719,0.9995683431625366
0.999963641166687,0.9998416900634766,0.9999013543128967,0.999879002571106
0.997629702091217,0.9969541430473328,0.9968980550765991,0.9968981146812439
0.9999431371688843,0.9998164176940918,0.9995982646942139,0.9998626708984375
0.9999657869338989,0.9998419880867004,0.999891996383667,0.9998682141304016
0.9999682307243347,0.9998410940170288,0.9999038577079773,0.9998622536659241
0.9999657273292542,0.9998331665992737,0.9999174475669861,0.9998711943626404
0.9999633431434631,0.999830424785614,0.9999200105667114,0.9998742341995239
0.9999655485153198,0.9998354911804199,0.9999141097068787,0.9998713731765747
0.9999619722366333,0.9998317360877991,0.9999180436134338,0.9998769164085388
0.99996417760849,0.999833345413208,0.9999164342880249,0.999875009059906
0.9998582005500793,0.9995707273483276,0.9986393451690674,0.999646008014679
0.9999510049819946,0.9996761083602905,0.9998503923416138,0.9995797276496887
0.9999638199806213,0.9998325705528259,0.99991774559021,0.999871015548706
0.9997673034667969,0.9995191693305969,0.9992290735244751,0.9996876120567322
0.9999406337738037,0.9998460412025452,0.9998428225517273,0.9999139904975891
0.9999620914459229,0.9998329877853394,0.9999139308929443,0.9998793601989746
0.9999586343765259,0.9998325109481812,0.9999154806137085,0.9998801350593567
0.9999611377716064,0.9998317360877991,0.9999172687530518,0.9998785853385925
0.9999608993530273,0.9998320937156677,0.9999160766601562,0.9998788833618164
0.9999611377716064,0.999832034111023,0.9999162554740906,0.9998780488967896
0.999963641166687,0.999833881855011,0.9999149441719055,0.9998754858970642
0.9999642372131348,0.999833881855011,0.9999145269393921,0.9998733401298523
0.999963641166687,0.999830424785614,0.9999197125434875,0.9998745918273926
0.9999607801437378,0.9998277425765991,0.9999229907989502,0.9998748302459717
0.9998883605003357,0.9997025728225708,0.9990635514259338,0.9997663497924805
0.9999610185623169,0.9998297691345215,0.9999194741249084,0.9998806118965149
0.9999606013298035,0.999833345413208,0.9999127388000488,0.9998800158500671
0.999961256980896,0.999832034111023,0.999916136264801,0.9998763799667358
0.9999632239341736,0.9998301863670349,0.9999202489852905,0.9998754858970642
0.9999614357948303,0.9998320937156677,0.9999154806137085,0.999875545501709
0.9999619722366333,0.9998283982276917,0.9999226331710815,0.9998754262924194
0.9999629259109497,0.9998342990875244,0.9999117851257324,0.9998738765716553
0.9999624490737915,0.9998318552970886,0.9999176859855652,0.9998716115951538
0.9999628067016602,0.9998283386230469,0.9999231696128845,0.9998757243156433
0.9999122023582458,0.9997456073760986,0.999255359172821,0.9997885227203369
0.999962329864502,0.9998303055763245,0.9999197721481323,0.9998772144317627
0.999959409236908,0.9998268485069275,0.9999263286590576,0.999876081943512
0.9999614357948303,0.9998278617858887,0.9999236464500427,0.9998749494552612
0.9999635815620422,0.9998322129249573,0.9999179244041443,0.9998738765716553
0.9999637007713318,0.9998332858085632,0.9999157190322876,0.9998714923858643
0.9999659061431885,0.9998365640640259,0.9999138116836548,0.9998703598976135
0.9998757839202881,0.9994165301322937,0.9999191164970398,0.9995163679122925
0.9993053674697876,0.9989280700683594,0.9993107914924622,0.9988740682601929
0.9999679923057556,0.9998356699943542,0.9999144673347473,0.9998623132705688
0.999962568283081,0.9998310208320618,0.9999192357063293,0.9998747706413269
0.9999615550041199,0.9998266100883484,0.9999262094497681,0.9998751282691956
0.9999673962593079,0.9998352527618408,0.999915361404419,0.9998645186424255
0.9999366998672485,0.9997457265853882,0.9993122220039368,0.9997305870056152
0.9999625086784363,0.9998303651809692,0.9999221563339233,0.9998785257339478
0.999974250793457,0.9998190402984619,0.9998780488967896,0.9997460246086121
0.9999671578407288,0.9998407363891602,0.9999085664749146,0.9998656511306763
0.9999635219573975,0.9998296499252319,0.9999228715896606,0.9998761415481567
0.9999697804450989,0.9998389482498169,0.9999099373817444,0.999856173992157
0.9999721050262451,0.9998419284820557,0.9999033808708191,0.9998427033424377
0.9999709129333496,0.9998397827148438,0.9999087452888489,0.9998507499694824
0.9999710321426392,0.9998403191566467,0.9999079704284668,0.9998493790626526
0.9994985461235046,0.9994211792945862,0.9995293617248535,0.9994198679924011
0.9999723434448242,0.9998450875282288,0.9998956918716431,0.9998432993888855
0.999538242816925,0.999390721321106,0.9995222687721252,0.9993944764137268
0.9984478950500488,0.988947868347168,0.99897700548172,0.9888643026351929
0.999289333820343,0.9992315769195557,0.999345064163208,0.9992135167121887
0.9992011785507202,0.9987784624099731,0.9992005825042725,0.9987943768501282
0.999962568283081,0.9998282194137573,0.9999210238456726,0.9998794794082642
0.999596357345581,0.9994310140609741,0.9995003938674927,0.9995275139808655
0.9999610185623169,0.9998286962509155,0.9999160170555115,0.9998807907104492
0.9999608993530273,0.9998270273208618,0.9999233484268188,0.9998757839202881
0.999867856502533,0.9995459318161011,0.9996534585952759,0.9996142983436584
0.9999637007713318,0.9998327493667603,0.9999144673347473,0.9998756051063538
0.999965488910675,0.9998331665992737,0.9999142289161682,0.999869704246521
0.9999638199806213,0.9998297691345215,0.9999212622642517,0.9998753070831299
0.9999664425849915,0.9998342394828796,0.9999148845672607,0.9998677968978882
0.9999673962593079,0.9998369216918945,0.999911367893219,0.999863862991333
0.9999658465385437,0.9998406767845154,0.9999061822891235,0.9998698234558105
0.9999151229858398,0.9994865655899048,0.9999348521232605,0.9995043873786926
0.999660074710846,0.999384343624115,0.9996414184570312,0.9994010329246521
0.9999169111251831,0.9997726082801819,0.9994972944259644,0.9996997714042664
0.9999423623085022,0.9998602867126465,0.9998317360877991,0.9999130368232727
0.9999637603759766,0.9998350739479065,0.9999163746833801,0.9998760223388672
0.9999655485153198,0.9998354315757751,0.9999165534973145,0.9998710751533508
0.9999633431434631,0.9998300671577454,0.9999217987060547,0.9998739957809448
0.9999616742134094,0.9998295903205872,0.9999224543571472,0.9998739957809448
0.999964714050293,0.9998324513435364,0.9999194741249084,0.9998734593391418
0.9999656081199646,0.9998347163200378,0.9999164938926697,0.9998709559440613
0.9999653697013855,0.9998335242271423,0.9999176263809204,0.9998708963394165
0.9999387860298157,0.9997475147247314,0.9992778897285461,0.9997298717498779
0.9704519510269165,0.9139617681503296,0.7020759582519531,0.9312363266944885
0.9999603629112244,0.9998295307159424,0.9999194145202637,0.9998833537101746
0.9999620318412781,0.9998292326927185,0.9999222755432129,0.9998775124549866
0.9999396204948425,0.9997354745864868,0.9994723796844482,0.9997319579124451
0.9999622106552124,0.9998279809951782,0.9999246001243591,0.9998775124549866
0.9999597072601318,0.9998294115066528,0.9999220967292786,0.9998743534088135
0.9999635219573975,0.9998326301574707,0.9999182820320129,0.9998763799667358
0.9999666810035706,0.9998390674591064,0.9999098181724548,0.9998679161071777
0.9999710321426392,0.9998437166213989,0.9999040961265564,0.9998518228530884
0.999967634677887,0.9998432993888855,0.9998955726623535,0.9998583793640137
0.9999323487281799,0.9996882677078247,0.9995478391647339,0.9996719360351562
0.9999644756317139,0.9998353123664856,0.9999126195907593,0.9998744130134583
0.9999640583992004,0.9998384714126587,0.9999076128005981,0.9998749494552612
0.9999100565910339,0.9996596574783325,0.9994807839393616,0.9996432662010193
0.9999634027481079,0.9998338222503662,0.9999151229858398,0.9998776316642761
0.9999631643295288,0.9998309016227722,0.9999184608459473,0.9998759031295776
0.9999616146087646,0.9998286366462708,0.9999221563339233,0.9998757839202881
0.9999613165855408,0.9998318552970886,0.9999175071716309,0.9998776316642761
0.9999644160270691,0.9998335242271423,0.9999167919158936,0.9998736381530762
0.9999637007713318,0.9998294711112976,0.9999217987060547,0.9998748302459717
0.9999650120735168,0.9998337030410767,0.9999160766601562,0.9998726844787598
0.9996972680091858,0.9993903040885925,0.9996545314788818,0.999422550201416
0.9999668598175049,0.9998363852500916,0.9999129176139832,0.9998679757118225
0.9997833371162415,0.9992967844009399,0.9975079298019409,0.9992403984069824
0.9999595284461975,0.9998458027839661,0.9998607635498047,0.999879777431488
0.9985416531562805,0.9951356053352356,0.97942715883255,0.9949110150337219
0.9999623894691467,0.9998337030410767,0.9999157786369324,0.999880850315094
0.9999673962593079,0.9998411536216736,0.9999064207077026,0.9998673796653748
0.9998427033424377,0.9993818998336792,0.9978033900260925,0.999333381652832
0.9999629855155945,0.9998347163200378,0.9999155402183533,0.9998800158500671
0.9996860027313232,0.9994217157363892,0.9994745254516602,0.9994111061096191
0.9268225431442261,0.8639395833015442,0.6169805526733398,0.8311976194381714
0.999961256980896,0.9998339414596558,0.9999046325683594,0.9998796582221985
0.9999646544456482,0.9998329877853394,0.999917209148407,0.9998745918273926
0.9999619722366333,0.9998295307159424,0.9999224543571472,0.999877393245697
0.9999653697013855,0.999834418296814,0.999916136264801,0.999872624874115
0.999964714050293,0.9998319149017334,0.9999191761016846,0.9998722672462463
0.9998840689659119,0.9995786547660828,0.998729944229126,0.9995906949043274
0.9999707341194153,0.9998511075973511,0.9998904466629028,0.9998573660850525
0.999974250793457,0.9998354315757751,0.9998915791511536,0.9997782111167908
0.9999457001686096,0.9997869729995728,0.9998067021369934,0.9998045563697815
0.9999648928642273,0.9998467564582825,0.9998940229415894,0.9998738169670105
0.9999604821205139,0.9998360276222229,0.9999116659164429,0.9998732805252075
0.9999572038650513,0.9998369812965393,0.9999103546142578,0.9998844861984253
0.9998549818992615,0.9995480179786682,0.9987027645111084,0.9996399879455566
0.9999600648880005,0.9998282790184021,0.9999234676361084,0.9998818039894104
0.999961256980896,0.9998335242271423,0.9999138712882996,0.9998781085014343
0.999962568283081,0.9998309016227722,0.9999193549156189,0.9998758435249329
0.9999608397483826,0.9998319149017334,0.999916672706604,0.9998730421066284
0.9999624490737915,0.999832808971405,0.9999160766601562,0.9998733401298523
0.9995203018188477,0.9985430240631104,0.9955861568450928,0.9988426566123962
0.9457113146781921,0.8785713911056519,0.6838018298149109,0.9183276295661926
0.999958872795105,0.999828040599823,0.9999133348464966,0.9998817443847656
0.9999632239341736,0.9998302459716797,0.9999212622642517,0.9998770952224731
0.999968409538269,0.9998398423194885,0.999908447265625,0.9998624920845032
0.9999591112136841,0.9998468160629272,0.9998201131820679,0.9998617768287659
0.9999644756317139,0.9998336434364319,0.9999176263809204,0.9998707175254822
0.9996247887611389,0.9989105463027954,0.9965130090713501,0.9990996718406677
0.9999619126319885,0.9998295307159424,0.9999216198921204,0.9998785853385925
0.9999622106552124,0.9998316168785095,0.9999181032180786,0.9998763203620911
0.9913123846054077,0.9810711145401001,0.9574402570724487,0.9865561127662659
0.9999613761901855,0.9998264312744141,0.9999260902404785,0.999876856803894
0.9999629855155945,0.9998349547386169,0.9999117255210876,0.999874472618103
0.9975324273109436,0.9937291741371155,0.9784247279167175,0.9950166940689087
0.9999623894691467,0.9998306035995483,0.9999187588691711,0.9998785853385925
0.9999626874923706,0.999836802482605,0.9999104738235474,0.999878466129303
0.9999656677246094,0.9998349547386169,0.9999157190322876,0.999871551990509
0.9999644160270691,0.9998327493667603,0.9999173879623413,0.9998725056648254
0.999962329864502,0.9998329281806946,0.9999162554740906,0.9998725056648254
0.9995371699333191,0.998552680015564,0.9952682256698608,0.9987753629684448
0.999961793422699,0.9998307228088379,0.9999191761016846,0.9998809695243835
0.9766203165054321,0.9446077942848206,0.7811736464500427,0.9525657892227173
0.9999619126319885,0.9998305439949036,0.9999188780784607,0.9998799562454224
0.999963104724884,0.9998329877853394,0.9999159574508667,0.9998760223388672
0.9976367950439453,0.9942389130592346,0.9834489822387695,0.9957005381584167
0.9999589323997498,0.9998374581336975,0.9999073147773743,0.9998898506164551
0.9999685287475586,0.9998403787612915,0.9999018311500549,0.9998592734336853
0.99996018409729,0.9998500943183899,0.9998338222503662,0.9998689889907837
0.9999688267707825,0.9998390674591064,0.9999115467071533,0.9998621344566345
0.9999665021896362,0.9998353123664856,0.9999161958694458,0.9998692274093628
0.9999668598175049,0.999843955039978,0.999900758266449,0.9998666644096375
0.9998382925987244,0.9994508624076843,0.9998877644538879,0.9995867609977722
0.9999752640724182,0.9998427033424377,0.9999032616615295,0.9998220801353455
0.9999687671661377,0.999840497970581,0.9999073147773743,0.9998606443405151
0.9999707937240601,0.9998423457145691,0.999903678894043,0.9998507499694824
0.9999681115150452,0.9998376965522766,0.9999117255210876,0.99986332654953
0.9999716877937317,0.9998393058776855,0.9999067783355713,0.9998437166213989
0.9999695420265198,0.999837338924408,0.9999126195907593,0.9998565316200256
0.9999698400497437,0.9998397827148438,0.9999088644981384,0.999854326248169
0.9999672770500183,0.9998378157615662,0.9999114871025085,0.9998641014099121
0.9999660849571228,0.9998360872268677,0.9999149441719055,0.9998698830604553
0.9999637007713318,0.9998381733894348,0.999911904335022,0.9998757243156433
0.9726037383079529,0.8502181768417358,0.949718713760376,0.8482425808906555
0.9999641180038452,0.9998277425765991,0.9999210834503174,0.9998683333396912
0.9998091459274292,0.9995517134666443,0.999070942401886,0.9996766448020935
0.9999626874923706,0.9998309016227722,0.9999188780784607,0.9998790621757507
0.9999653697013855,0.9998325705528259,0.9999171495437622,0.9998717308044434
0.999904215335846,0.9996675252914429,0.9990355372428894,0.9997112154960632
0.9999597072601318,0.9997802376747131,0.9998642802238464,0.9997408390045166
0.9999722242355347,0.999843955039978,0.9999048709869385,0.9998472332954407
0.9998669028282166,0.9994984865188599,0.9996804594993591,0.9995232224464417
0.9928807616233826,0.9872873425483704,0.9845367670059204,0.986479640007019
0.9997338652610779,0.9990113377571106,0.9977138042449951,0.9992019534111023
0.999964714050293,0.999841034412384,0.9999051094055176,0.999876081943512
0.999967634677887,0.9998400211334229,0.9999078512191772,0.9998659491539001
0.9999696612358093,0.9998430013656616,0.9999032616615295,0.9998570084571838
0.9999685883522034,0.9998393058776855,0.9999097585678101,0.9998611211776733
0.9999642968177795,0.9998318552970886,0.9999192357063293,0.9998728036880493
0.9999619126319885,0.9998288750648499,0.999921977519989,0.9998738169670105
0.9999626874923706,0.999830961227417,0.9999198317527771,0.9998752474784851
0.9999613165855408,0.9998306632041931,0.9999197125434875,0.9998753070831299
0.9999656081199646,0.9998360276222229,0.9999144077301025,0.9998717308044434
0.9999703168869019,0.999841570854187,0.999907374382019,0.9998559951782227
0.9999693036079407,0.999841570854187,0.9999062418937683,0.9998586773872375
0.9995624423027039,0.9994129538536072,0.9995695948600769,0.9994201064109802
0.9999697208404541,0.9998432397842407,0.9999005794525146,0.9998578429222107
0.9999672174453735,0.999838650226593,0.9999085664749146,0.9998646974563599
0.9999675154685974,0.9998384118080139,0.9999104142189026,0.999865710735321
0.9999669790267944,0.9998372197151184,0.9999111294746399,0.999865710735321
0.9999656677246094,0.9998348355293274,0.999914824962616,0.9998690485954285
0.9999653100967407,0.9998342990875244,0.999915599822998,0.9998704791069031
0.9999653100967407,0.9998347163200378,0.999915361404419,0.9998707175254822
0.9999651312828064,0.9998344779014587,0.9999152421951294,0.999870777130127
0.9999635815620422,0.9998305439949036,0.9999201893806458,0.999873697757721
0.9999628067016602,0.9998292922973633,0.9999217987060547,0.9998739957809448
0.9999614357948303,0.9998267889022827,0.9999253749847412,0.9998744130134583
0.9999629855155945,0.9998292326927185,0.9999216198921204,0.999874472618103
0.9999624490737915,0.9998290538787842,0.999921977519989,0.9998747706413269
0.9999668598175049,0.9998363852500916,0.9999136328697205,0.9998676180839539
0.9997454285621643,0.9994402527809143,0.9996324777603149,0.9994674921035767
0.9999618530273438,0.9998369812965393,0.9999103546142578,0.9998814463615417
0.9999671578407288,0.9998393058776855,0.9999050498008728,0.9998646974563599
0.9999672174453735,0.9998374581336975,0.999910831451416,0.9998661279678345
0.9999282956123352,0.9997174739837646,0.9991768598556519,0.9996816515922546
0.9999642968177795,0.9998337030410767,0.9999167323112488,0.9998750686645508
0.9999650716781616,0.9998375177383423,0.9999110698699951,0.9998734593391418
0.9999637007713318,0.9998340010643005,0.9999167919158936,0.9998753070831299
0.9999634623527527,0.9998310804367065,0.999920129776001,0.9998748302459717
0.9999613761901855,0.9998307824134827,0.9999192953109741,0.9998751878738403
0.9999611973762512,0.9998303055763245,0.9999197721481323,0.9998759627342224
0.9999614953994751,0.9998277425765991,0.9999237060546875,0.9998756647109985
0.9999593496322632,0.9998269081115723,0.9999253749847412,0.9998736381530762
0.9999498724937439,0.9996392726898193,0.9999120831489563,0.9995565414428711
0.999213457107544,0.9980563521385193,0.9990851283073425,0.9977283477783203
0.9999685883522034,0.9998354315757751,0.9999143481254578,0.999859094619751
0.9999436140060425,0.9998492002487183,0.9998831748962402,0.9999026656150818
0.9999628663063049,0.9998318552970886,0.9999181032180786,0.9998745918273926
0.9999632239341736,0.9998336434364319,0.9999173283576965,0.9998757839202881
0.9999635219573975,0.9998331665992737,0.9999170303344727,0.9998741149902344
0.9999653697013855,0.999836266040802,0.9999144077301025,0.9998729228973389
0.9999637007713318,0.999843180179596,0.9999038577079773,0.999877393245697
0.9999120831489563,0.99949049949646,0.9999322295188904,0.9995142221450806
0.9996230006217957,0.9993859529495239,0.9996170401573181,0.9994011521339417
0.9999687075614929,0.9998385906219482,0.9999116659164429,0.9998623132705688
0.9999671578407288,0.9998379945755005,0.9999105930328369,0.9998661875724792
0.9996691346168518,0.9993961453437805,0.9996318817138672,0.9994201064109802
0.9999681115150452,0.9998392462730408,0.9999074935913086,0.999862790107727
0.9999679923057556,0.9998394846916199,0.9999052286148071,0.9998617172241211
0.9999660849571228,0.9998345971107483,0.9999154806137085,0.9998695254325867
0.9999655485153198,0.9998347163200378,0.999915599822998,0.999869704246521
0.999963641166687,0.9998323917388916,0.999919593334198,0.9998737573623657
0.9999640583992004,0.9998313784599304,0.9999203681945801,0.9998746514320374
0.9999647736549377,0.9998338222503662,0.9999169707298279,0.9998722076416016
0.9998758435249329,0.9995927214622498,0.999560534954071,0.9995952248573303
0.9691893458366394,0.919659435749054,0.6856910586357117,0.9237759709358215
0.9999614357948303,0.9998298287391663,0.9999163746833801,0.999880850315094
0.9999614953994751,0.9998313784599304,0.9999181032180786,0.9998790621757507
0.9999635815620422,0.9998320937156677,0.9999184608459473,0.999875009059906
0.9999653697013855,0.9998345971107483,0.9999154806137085,0.9998705387115479
0.9999659061431885,0.9998347759246826,0.9999152421951294,0.9998695254325867
0.9999661445617676,0.9998353123664856,0.9999147057533264,0.9998686909675598
0.9999662637710571,0.9998356103897095,0.9999144077301025,0.9998682141304016
0.999966561794281,0.9998356103897095,0.9999144077301025,0.9998680353164673
0.9999690651893616,0.9998394250869751,0.9999095797538757,0.9998595714569092
0.9999674558639526,0.9998388886451721,0.9999119639396667,0.9998666644096375
0.9999676942825317,0.9998376965522766,0.9999128580093384,0.9998658895492554
0.9999697804450989,0.9998418092727661,0.9999071359634399,0.9998571872711182
0.9999664425849915,0.9998348951339722,0.9999170899391174,0.9998696446418762
0.9997051358222961,0.9993912577629089,0.9996557235717773,0.9994192123413086
0.9999675154685974,0.9998372793197632,0.9999125599861145,0.9998664855957031
0.999739408493042,0.999029815196991,0.996420681476593,0.998994767665863
0.9623491764068604,0.8944860696792603,0.5720268487930298,0.899700403213501
0.9493274688720703,0.8945667147636414,0.4867434501647949,0.8869760036468506
0.9999399781227112,0.9997808933258057,0.99986332654953,0.9998604655265808
0.9999633431434631,0.9998369216918945,0.9999101758003235,0.9998782277107239
0.9999654293060303,0.9998345971107483,0.9999153017997742,0.9998727440834045
0.9999656677246094,0.9998358488082886,0.9999154210090637,0.9998711943626404
0.9999492168426514,0.99965500831604,0.9999558925628662,0.9996301531791687
0.9999626874923706,0.999828040599823,0.9999244809150696,0.9998726844787598
0.9999575018882751,0.9998254179954529,0.9999274611473083,0.9998683929443359
0.9999582171440125,0.9998254179954529,0.999927282333374,0.9998693466186523
0.999961256980896,0.999826967716217,0.9999247193336487,0.9998727440834045
0.9999614953994751,0.9998292922973633,0.9999215006828308,0.9998752474784851
0.9999628067016602,0.9998292922973633,0.9999216794967651,0.9998746514320374
0.9999198913574219,0.9997545480728149,0.9993352890014648,0.9997925758361816
0.9373376369476318,0.8838205933570862,0.7914806008338928,0.9322479963302612
0.9999580979347229,0.9998251795768738,0.999919593334198,0.9998829364776611
0.9999618530273438,0.99982750415802,0.9999241232872009,0.9998772740364075
0.9999629855155945,0.9998303651809692,0.9999207854270935,0.9998766183853149
0.9998531937599182,0.9995442032814026,0.9996022582054138,0.9995593428611755
0.9999634027481079,0.9998301267623901,0.9999209642410278,0.9998756051063538
0.999968409538269,0.9998371601104736,0.9999103546142578,0.999860405921936
0.9999697804450989,0.9998384714126587,0.9999080300331116,0.9998533725738525
0.9999712109565735,0.9998406171798706,0.9999051690101624,0.999846875667572
0.9999716281890869,0.9998401999473572,0.9998998045921326,0.9998381733894348
0.9999345541000366,0.9997014999389648,0.9998309016227722,0.9997217655181885
0.9999728798866272,0.9998437166213989,0.9999006390571594,0.9998391270637512
0.9999706149101257,0.9998437762260437,0.9999005794525146,0.9998514652252197
0.9999716877937317,0.9998428821563721,0.9999006390571594,0.9998446702957153
0.9999700784683228,0.9998424649238586,0.9999010562896729,0.999848484992981
0.9997841715812683,0.999413788318634,0.999692440032959,0.9994379281997681
0.9999688863754272,0.999843955039978,0.9998989105224609,0.999861478805542
0.9999693632125854,0.9998423457145691,0.9998980164527893,0.9998530745506287
0.9999695420265198,0.9998417496681213,0.9999049305915833,0.9998569488525391
0.9999663233757019,0.9998341202735901,0.9999164342880249,0.9998694658279419
0.9999620914459229,0.9998279809951782,0.999923586845398,0.9998737573623657
0.9999637603759766,0.9998292326927185,0.999922513961792,0.9998747706413269
0.9999032020568848,0.9996816515922546,0.9990485310554504,0.9997122287750244
0.9999529719352722,0.9998444318771362,0.9998829960823059,0.9998987317085266
0.9999395608901978,0.9995461702346802,0.9997873902320862,0.9993481636047363
0.9999715685844421,0.9998490214347839,0.999893307685852,0.9998464584350586
0.9999634623527527,0.9998373985290527,0.9999123811721802,0.9998741745948792
0.9999666213989258,0.9998378753662109,0.999911904335022,0.9998681545257568
0.9999678730964661,0.9998387098312378,0.9999103546142578,0.9998629689216614
0.9999298453330994,0.9997325539588928,0.9991893172264099,0.9997180700302124
0.9994391202926636,0.9975148439407349,0.9995035529136658,0.9978950619697571
0.9997348189353943,0.9988425970077515,0.999786376953125,0.998935878276825
0.9998890161514282,0.9991414546966553,0.9999366402626038,0.9990946650505066
0.9999729990959167,0.9998412132263184,0.9999075531959534,0.9998403787612915
0.999971330165863,0.9998412728309631,0.9999076724052429,0.9998499155044556
